Iteration,Last func val,Incumbent Value val,Time,Cum Train Time,Last func test,Incumbent Value test
0,-0.5725102188178193,-0.9553236872576923,0.3799471855163574,15.0,-0.5725102188178193,-0.9553236872576923
1,-0.2830871163154088,-0.9553236872576923,0.5684559345245361,20.0,-0.2830871163154088,-0.9553236872576923
2,-0.2454306359051285,-0.9553236872576923,0.796942949295044,25.0,-0.2454306359051285,-0.9553236872576923
3,-0.39586934288587267,-0.9553236872576923,0.9977140426635742,30.0,-0.39586934288587267,-0.9553236872576923
4,-1.6713061236597802,-1.6713061236597802,1.205171823501587,35.0,-1.6713061236597802,-1.6713061236597802
5,-1.1026448810288723,-1.6713061236597802,1.4153549671173096,40.0,-1.1026448810288723,-1.6713061236597802
6,-0.581640639635065,-1.6713061236597802,1.6338889598846436,45.0,-0.581640639635065,-1.6713061236597802
7,-0.5755206357198119,-1.6713061236597802,1.8672187328338623,50.0,-0.5755206357198119,-1.6713061236597802
8,-0.5713464552474904,-1.6713061236597802,2.0855588912963867,55.0,-0.5713464552474904,-1.6713061236597802
9,-0.7607755364563322,-1.6713061236597802,2.3073787689208984,60.0,-0.7607755364563322,-1.6713061236597802
10,-0.3930871060591325,-1.6713061236597802,2.5337471961975098,65.0,-0.3930871060591325,-1.6713061236597802
11,-1.4595206676879793,-1.6713061236597802,2.773430585861206,70.0,-1.4595206676879793,-1.6713061236597802
12,-0.5329627928708569,-1.6713061236597802,3.0134832859039307,75.0,-0.5329627928708569,-1.6713061236597802
13,-0.8476821587097026,-1.6713061236597802,3.2585229873657227,80.0,-0.8476821587097026,-1.6713061236597802
14,-0.17496114742772947,-1.6713061236597802,3.504185676574707,85.0,-0.17496114742772947,-1.6713061236597802
15,-0.2930243787607797,-1.6713061236597802,3.752741813659668,90.0,-0.2930243787607797,-1.6713061236597802
16,-0.32748041446395926,-1.6713061236597802,4.038934707641602,95.0,-0.32748041446395926,-1.6713061236597802
17,-0.602669418769882,-1.6713061236597802,4.412832021713257,100.0,-0.602669418769882,-1.6713061236597802
18,-0.7505522252139657,-1.6713061236597802,4.875921964645386,105.0,-0.7505522252139657,-1.6713061236597802
19,-1.1742473033602916,-1.6713061236597802,5.260889291763306,110.0,-1.1742473033602916,-1.6713061236597802
20,-0.8701240496472581,-1.6713061236597802,5.6567137241363525,115.0,-0.8701240496472581,-1.6713061236597802
21,-0.4647396929082088,-1.6713061236597802,6.060442209243774,120.0,-0.4647396929082088,-1.6713061236597802
22,-0.6152732158693115,-1.6713061236597802,6.583188056945801,125.0,-0.6152732158693115,-1.6713061236597802
23,-0.5829902619393857,-1.6713061236597802,7.008756399154663,130.0,-0.5829902619393857,-1.6713061236597802
24,-0.11390771083682508,-1.6713061236597802,7.551223516464233,135.0,-0.11390771083682508,-1.6713061236597802
25,-1.2558116628097538,-1.6713061236597802,8.12572693824768,140.0,-1.2558116628097538,-1.6713061236597802
26,-0.6989838776663077,-1.6713061236597802,8.655175685882568,145.0,-0.6989838776663077,-1.6713061236597802
27,-0.6550959826152193,-1.6713061236597802,9.243385791778564,150.0,-0.6550959826152193,-1.6713061236597802
28,-0.15232894611855347,-1.6713061236597802,9.710971355438232,155.0,-0.15232894611855347,-1.6713061236597802
29,-0.43379157091155995,-1.6713061236597802,10.154495000839233,160.0,-0.43379157091155995,-1.6713061236597802
30,-0.4848296275339527,-1.6713061236597802,10.605915784835815,165.0,-0.4848296275339527,-1.6713061236597802
31,-1.1280141038019007,-1.6713061236597802,11.157700300216675,170.0,-1.1280141038019007,-1.6713061236597802
32,-0.10156981135834998,-1.6713061236597802,11.64707064628601,175.0,-0.10156981135834998,-1.6713061236597802
33,-1.991540770221564,-1.991540770221564,12.211792469024658,180.0,-1.991540770221564,-1.991540770221564
34,-0.1436038473829456,-1.991540770221564,12.72722053527832,185.0,-0.1436038473829456,-1.991540770221564
35,-0.22132503703110498,-1.991540770221564,13.091900110244751,190.0,-0.22132503703110498,-1.991540770221564
36,-0.4402318061622239,-1.991540770221564,13.49550724029541,195.0,-0.4402318061622239,-1.991540770221564
37,-0.7065808964564327,-1.991540770221564,13.919913053512573,200.0,-0.7065808964564327,-1.991540770221564
38,-0.14465897900017807,-1.991540770221564,14.378684997558594,205.0,-0.14465897900017807,-1.991540770221564
39,-0.4126397800519544,-1.991540770221564,14.794605731964111,210.0,-0.4126397800519544,-1.991540770221564
40,-0.2748387769319115,-1.991540770221564,15.210049152374268,215.0,-0.2748387769319115,-1.991540770221564
41,-1.280085220804264,-1.991540770221564,15.630245685577393,220.0,-1.280085220804264,-1.991540770221564
42,-0.9635527438244895,-1.991540770221564,16.06993794441223,225.0,-0.9635527438244895,-1.991540770221564
43,-1.2333700686571716,-1.991540770221564,16.50336503982544,230.0,-1.2333700686571716,-1.991540770221564
44,-1.5914511950861527,-1.991540770221564,16.94110131263733,235.0,-1.5914511950861527,-1.991540770221564
45,-0.13213224249097721,-1.991540770221564,17.358986854553223,240.0,-0.13213224249097721,-1.991540770221564
46,-1.1111620190187168,-1.991540770221564,17.79145050048828,245.0,-1.1111620190187168,-1.991540770221564
47,-1.1787826280168263,-1.991540770221564,18.270872116088867,250.0,-1.1787826280168263,-1.991540770221564
48,-0.31736854994666464,-1.991540770221564,18.789564609527588,255.0,-0.31736854994666464,-1.991540770221564
49,-0.20732151740177002,-1.991540770221564,19.29229760169983,260.0,-0.20732151740177002,-1.991540770221564
0,2.213738070938552,2.213738070938552,0.28011059761047363,15.0,2.213738070938552,2.213738070938552
1,26.460335289514802,2.213738070938552,0.5102818012237549,20.0,26.460335289514802,2.213738070938552
2,16.043920274765934,2.213738070938552,0.6538755893707275,25.0,16.043920274765934,2.213738070938552
3,1.4001622343852327,1.4001622343852327,0.8088648319244385,30.0,1.4001622343852327,1.4001622343852327
4,0.9766361906431789,0.9766361906431789,0.9526596069335938,35.0,0.9766361906431789,0.9766361906431789
5,7.083527380535094,0.9766361906431789,1.1018531322479248,40.0,7.083527380535094,0.9766361906431789
6,9.724287018318227,0.9766361906431789,1.249535322189331,45.0,9.724287018318227,0.9766361906431789
7,2.4885701939438967,0.9766361906431789,1.4050219058990479,50.0,2.4885701939438967,0.9766361906431789
8,23.66514714023947,0.9766361906431789,1.616464614868164,55.0,23.66514714023947,0.9766361906431789
9,26.415653376509887,0.9766361906431789,1.7739458084106445,60.0,26.415653376509887,0.9766361906431789
10,6.409463555192209,0.9766361906431789,1.939152717590332,65.0,6.409463555192209,0.9766361906431789
11,5.674748234215507,0.9766361906431789,2.102257251739502,70.0,5.674748234215507,0.9766361906431789
12,8.137139863492752,0.9766361906431789,2.273118734359741,75.0,8.137139863492752,0.9766361906431789
13,1.4210337097509838,0.9766361906431789,2.4440934658050537,80.0,1.4210337097509838,0.9766361906431789
14,1.5472374085562675,0.9766361906431789,2.627204179763794,85.0,1.5472374085562675,0.9766361906431789
15,8.842292137977937,0.9766361906431789,2.806586265563965,90.0,8.842292137977937,0.9766361906431789
16,2.19474171131409,0.9766361906431789,2.9949722290039062,95.0,2.19474171131409,0.9766361906431789
17,6.291102886382652,0.9766361906431789,3.182724714279175,100.0,6.291102886382652,0.9766361906431789
18,1.8664567364097187,0.9766361906431789,3.3818442821502686,105.0,1.8664567364097187,0.9766361906431789
19,4.020704048039475,0.9766361906431789,3.5802948474884033,110.0,4.020704048039475,0.9766361906431789
20,1.571906104087811,0.9766361906431789,3.7929797172546387,115.0,1.571906104087811,0.9766361906431789
21,13.449802994287724,0.9766361906431789,4.0100791454315186,120.0,13.449802994287724,0.9766361906431789
22,8.16804980849255,0.9766361906431789,4.236160516738892,125.0,8.16804980849255,0.9766361906431789
23,16.87077477213,0.9766361906431789,4.4681715965271,130.0,16.87077477213,0.9766361906431789
24,28.26939489200302,0.9766361906431789,4.71019721031189,135.0,28.26939489200302,0.9766361906431789
25,1.2583236198853918,0.9766361906431789,4.987204551696777,140.0,1.2583236198853918,0.9766361906431789
26,18.074492138479165,0.9766361906431789,5.359715223312378,145.0,18.074492138479165,0.9766361906431789
27,9.557013855827812,0.9766361906431789,5.725661277770996,150.0,9.557013855827812,0.9766361906431789
28,18.601179044869237,0.9766361906431789,6.074891805648804,155.0,18.601179044869237,0.9766361906431789
29,31.081223993872463,0.9766361906431789,6.42459774017334,160.0,31.081223993872463,0.9766361906431789
30,5.3066908515059925,0.9766361906431789,6.842727422714233,165.0,5.3066908515059925,0.9766361906431789
31,10.892967185581751,0.9766361906431789,7.27459192276001,170.0,10.892967185581751,0.9766361906431789
32,26.517943360163393,0.9766361906431789,7.731093645095825,175.0,26.517943360163393,0.9766361906431789
33,54.18566389242693,0.9766361906431789,8.097856760025024,180.0,54.18566389242693,0.9766361906431789
34,3.756599023623602,0.9766361906431789,8.497790336608887,185.0,3.756599023623602,0.9766361906431789
35,1.337876538233233,0.9766361906431789,8.840005159378052,190.0,1.337876538233233,0.9766361906431789
36,5.295667554568632,0.9766361906431789,9.228606939315796,195.0,5.295667554568632,0.9766361906431789
37,4.479042130207911,0.9766361906431789,9.584493637084961,200.0,4.479042130207911,0.9766361906431789
38,17.391353335517536,0.9766361906431789,9.937010526657104,205.0,17.391353335517536,0.9766361906431789
39,19.41629131740498,0.9766361906431789,10.290583372116089,210.0,19.41629131740498,0.9766361906431789
40,28.533336012578275,0.9766361906431789,10.635276317596436,215.0,28.533336012578275,0.9766361906431789
41,28.5433754814443,0.9766361906431789,10.983901262283325,220.0,28.5433754814443,0.9766361906431789
42,9.088575878744876,0.9766361906431789,11.341307163238525,225.0,9.088575878744876,0.9766361906431789
43,9.36009759958506,0.9766361906431789,11.682760000228882,230.0,9.36009759958506,0.9766361906431789
44,3.3878106053790433,0.9766361906431789,12.050082921981812,235.0,3.3878106053790433,0.9766361906431789
45,3.015898495288985,0.9766361906431789,12.422752857208252,240.0,3.015898495288985,0.9766361906431789
46,11.824938129018602,0.9766361906431789,12.822487115859985,245.0,11.824938129018602,0.9766361906431789
47,6.756698873398658,0.9766361906431789,13.193286180496216,250.0,6.756698873398658,0.9766361906431789
48,3.922273539421489,0.9766361906431789,13.62950348854065,255.0,3.922273539421489,0.9766361906431789
49,8.19579522868201,0.9766361906431789,14.085959434509277,260.0,8.19579522868201,0.9766361906431789
0,-7.047874924211299,-7.047874924211299,0.7591187953948975,15.0,-7.047874924211299,-7.047874924211299
1,-6.79282512030017,-7.047874924211299,1.262650728225708,20.0,-6.79282512030017,-7.047874924211299
2,-6.049580971065834,-7.047874924211299,1.6738066673278809,25.0,-6.049580971065834,-7.047874924211299
3,-6.4429005783408515,-7.047874924211299,2.0069315433502197,30.0,-6.4429005783408515,-7.047874924211299
4,-6.402117496522046,-7.047874924211299,2.34629225730896,35.0,-6.402117496522046,-7.047874924211299
5,-7.529213654245286,-7.529213654245286,2.6902647018432617,40.0,-7.529213654245286,-7.529213654245286
6,-5.9097562955921505,-7.529213654245286,3.0963871479034424,45.0,-5.9097562955921505,-7.529213654245286
7,-7.043715627814406,-7.529213654245286,3.5134165287017822,50.0,-7.043715627814406,-7.529213654245286
8,-6.693557073154484,-7.529213654245286,3.8670096397399902,55.0,-6.693557073154484,-7.529213654245286
9,-6.744190915085847,-7.529213654245286,4.228798866271973,60.0,-6.744190915085847,-7.529213654245286
10,-6.618649302690587,-7.529213654245286,4.598209619522095,65.0,-6.618649302690587,-7.529213654245286
11,-7.039926497081952,-7.529213654245286,4.977334976196289,70.0,-7.039926497081952,-7.529213654245286
12,-6.005487860767275,-7.529213654245286,5.580748558044434,75.0,-6.005487860767275,-7.529213654245286
13,-7.949517875664366,-7.949517875664366,6.186707019805908,80.0,-7.949517875664366,-7.949517875664366
14,-7.7671971547538785,-7.949517875664366,7.042078018188477,85.0,-7.7671971547538785,-7.949517875664366
15,-8.002708779082743,-8.002708779082743,7.677552223205566,90.0,-8.002708779082743,-8.002708779082743
16,-8.020055754407043,-8.020055754407043,8.334599256515503,95.0,-8.020055754407043,-8.020055754407043
17,-7.8661156559949745,-8.020055754407043,8.994144916534424,100.0,-7.8661156559949745,-8.020055754407043
18,-7.680006408344328,-8.020055754407043,9.666765928268433,105.0,-7.680006408344328,-8.020055754407043
19,-8.029733506997363,-8.029733506997363,10.360147714614868,110.0,-8.029733506997363,-8.029733506997363
20,-8.413121315603565,-8.413121315603565,11.060725450515747,115.0,-8.413121315603565,-8.413121315603565
21,-7.860387844912356,-8.413121315603565,11.772443532943726,120.0,-7.860387844912356,-8.413121315603565
22,-7.004454865003742,-8.413121315603565,12.515810012817383,125.0,-7.004454865003742,-8.413121315603565
23,-7.246838715342278,-8.413121315603565,13.245878219604492,130.0,-7.246838715342278,-8.413121315603565
24,-8.462201558621825,-8.462201558621825,13.990055561065674,135.0,-8.462201558621825,-8.462201558621825
25,-7.309142504388824,-8.462201558621825,14.746729850769043,140.0,-7.309142504388824,-8.462201558621825
26,-7.5982424761324125,-8.462201558621825,15.963144540786743,145.0,-7.5982424761324125,-8.462201558621825
27,-7.8913728159073795,-8.462201558621825,16.710871934890747,150.0,-7.8913728159073795,-8.462201558621825
28,-6.830613449909511,-8.462201558621825,17.44139814376831,155.0,-6.830613449909511,-8.462201558621825
29,-6.97403943621075,-8.462201558621825,18.188053846359253,160.0,-6.97403943621075,-8.462201558621825
30,-7.836987695614016,-8.462201558621825,19.214221954345703,165.0,-7.836987695614016,-8.462201558621825
31,-7.099278744843527,-8.462201558621825,19.74329376220703,170.0,-7.099278744843527,-8.462201558621825
32,-7.5482787459917295,-8.462201558621825,20.455807209014893,175.0,-7.5482787459917295,-8.462201558621825
33,-7.749404005383057,-8.462201558621825,21.91093921661377,180.0,-7.749404005383057,-8.462201558621825
34,-7.5654554830341025,-8.462201558621825,23.262404918670654,185.0,-7.5654554830341025,-8.462201558621825
35,-9.103929683961342,-9.103929683961342,24.835822343826294,190.0,-9.103929683961342,-9.103929683961342
36,-7.8502003895964245,-9.103929683961342,26.228341579437256,195.0,-7.8502003895964245,-9.103929683961342
37,-7.920404774222552,-9.103929683961342,27.695496082305908,200.0,-7.920404774222552,-9.103929683961342
38,-7.631969524640968,-9.103929683961342,29.55191421508789,205.0,-7.631969524640968,-9.103929683961342
39,-8.639829945966415,-9.103929683961342,31.096241235733032,210.0,-8.639829945966415,-9.103929683961342
40,-7.542020380282626,-9.103929683961342,32.682452917099,215.0,-7.542020380282626,-9.103929683961342
41,-7.700071928278674,-9.103929683961342,34.319581508636475,220.0,-7.700071928278674,-9.103929683961342
42,-8.570473622973036,-9.103929683961342,36.20745491981506,225.0,-8.570473622973036,-9.103929683961342
43,-8.38382255749587,-9.103929683961342,37.89030432701111,230.0,-8.38382255749587,-9.103929683961342
44,-8.252598486222404,-9.103929683961342,39.95836019515991,235.0,-8.252598486222404,-9.103929683961342
45,-8.023537205916073,-9.103929683961342,41.8317232131958,240.0,-8.023537205916073,-9.103929683961342
46,-8.558590587067114,-9.103929683961342,43.99432325363159,245.0,-8.558590587067114,-9.103929683961342
47,-8.94535825472976,-9.103929683961342,45.898449659347534,250.0,-8.94535825472976,-9.103929683961342
48,-8.207837778197234,-9.103929683961342,48.28069853782654,255.0,-8.207837778197234,-9.103929683961342
49,-6.797502271534415,-9.103929683961342,50.70237970352173,260.0,-6.797502271534415,-9.103929683961342
0,-2.051802760023388,-3.7874813387534334,0.28720641136169434,15.0,-2.051802760023388,-3.7874813387534334
1,-2.8015527224092005,-3.7874813387534334,0.5605673789978027,20.0,-2.8015527224092005,-3.7874813387534334
2,-2.0312025220875234,-3.7874813387534334,0.8365626335144043,25.0,-2.0312025220875234,-3.7874813387534334
3,-0.8937845854320607,-3.7874813387534334,1.1157066822052002,30.0,-0.8937845854320607,-3.7874813387534334
4,-2.6834133306453096,-3.7874813387534334,1.399369239807129,35.0,-2.6834133306453096,-3.7874813387534334
5,-0.9198918114932124,-3.7874813387534334,1.6883437633514404,40.0,-0.9198918114932124,-3.7874813387534334
6,-0.7830711731494251,-3.7874813387534334,1.983962059020996,45.0,-0.7830711731494251,-3.7874813387534334
7,-2.9820886468293746,-3.7874813387534334,2.284790277481079,50.0,-2.9820886468293746,-3.7874813387534334
8,-1.8573015026286,-3.7874813387534334,2.5896334648132324,55.0,-1.8573015026286,-3.7874813387534334
9,-2.195977179089104,-3.7874813387534334,2.8994882106781006,60.0,-2.195977179089104,-3.7874813387534334
10,-1.838467638742415,-3.7874813387534334,3.2144434452056885,65.0,-1.838467638742415,-3.7874813387534334
11,-2.451002019628704,-3.7874813387534334,3.542189836502075,70.0,-2.451002019628704,-3.7874813387534334
12,-3.1425401889267417,-3.7874813387534334,3.8725080490112305,75.0,-3.1425401889267417,-3.7874813387534334
13,-1.5913334357502174,-3.7874813387534334,4.2123987674713135,80.0,-1.5913334357502174,-3.7874813387534334
14,-1.7050000536948215,-3.7874813387534334,4.54735803604126,85.0,-1.7050000536948215,-3.7874813387534334
15,-3.3799071333602515,-3.7874813387534334,4.858997106552124,90.0,-3.3799071333602515,-3.7874813387534334
16,-2.487541776453351,-3.7874813387534334,5.248257398605347,95.0,-2.487541776453351,-3.7874813387534334
17,-3.7410310900175454,-3.7874813387534334,5.682655572891235,100.0,-3.7410310900175454,-3.7874813387534334
18,-2.9854278520527076,-3.7874813387534334,6.07754111289978,105.0,-2.9854278520527076,-3.7874813387534334
19,-3.5732071890591817,-3.7874813387534334,6.4062135219573975,110.0,-3.5732071890591817,-3.7874813387534334
20,-2.119906260942623,-3.7874813387534334,6.750040769577026,115.0,-2.119906260942623,-3.7874813387534334
21,-1.750697195059086,-3.7874813387534334,7.10003399848938,120.0,-1.750697195059086,-3.7874813387534334
22,-1.2303951485487719,-3.7874813387534334,7.45889687538147,125.0,-1.2303951485487719,-3.7874813387534334
23,-0.9243661118710464,-3.7874813387534334,7.8237082958221436,130.0,-0.9243661118710464,-3.7874813387534334
24,-1.360008470383783,-3.7874813387534334,8.199794292449951,135.0,-1.360008470383783,-3.7874813387534334
25,-1.722146605021891,-3.7874813387534334,8.581014633178711,140.0,-1.722146605021891,-3.7874813387534334
26,-3.303977817609659,-3.7874813387534334,9.034313678741455,145.0,-3.303977817609659,-3.7874813387534334
27,-0.513456768762992,-3.7874813387534334,9.52685832977295,150.0,-0.513456768762992,-3.7874813387534334
28,-3.5976521887439024,-3.7874813387534334,9.967415571212769,155.0,-3.5976521887439024,-3.7874813387534334
29,-0.6542290208504279,-3.7874813387534334,10.345094919204712,160.0,-0.6542290208504279,-3.7874813387534334
30,-3.2785078009948303,-3.7874813387534334,10.73511028289795,165.0,-3.2785078009948303,-3.7874813387534334
31,-2.8772136669366057,-3.7874813387534334,11.122924089431763,170.0,-2.8772136669366057,-3.7874813387534334
32,-2.23177689467992,-3.7874813387534334,11.589375734329224,175.0,-2.23177689467992,-3.7874813387534334
33,-1.1200938739438864,-3.7874813387534334,12.060915231704712,180.0,-1.1200938739438864,-3.7874813387534334
34,-0.6932352271469081,-3.7874813387534334,12.505388498306274,185.0,-0.6932352271469081,-3.7874813387534334
35,-1.01067483116022,-3.7874813387534334,12.862671375274658,190.0,-1.01067483116022,-3.7874813387534334
36,-2.16305281046754,-3.7874813387534334,13.23206901550293,195.0,-2.16305281046754,-3.7874813387534334
37,-0.9939572959588342,-3.7874813387534334,13.63395380973816,200.0,-0.9939572959588342,-3.7874813387534334
38,-0.7172130774681316,-3.7874813387534334,14.028919696807861,205.0,-0.7172130774681316,-3.7874813387534334
39,-1.8261686109486364,-3.7874813387534334,14.372047185897827,210.0,-1.8261686109486364,-3.7874813387534334
40,-3.1599012373157507,-3.7874813387534334,14.72284746170044,215.0,-3.1599012373157507,-3.7874813387534334
41,-1.7275887334029298,-3.7874813387534334,15.132953643798828,220.0,-1.7275887334029298,-3.7874813387534334
42,-1.9308997103845722,-3.7874813387534334,15.501033782958984,225.0,-1.9308997103845722,-3.7874813387534334
43,-2.052567738310142,-3.7874813387534334,15.872538566589355,230.0,-2.052567738310142,-3.7874813387534334
44,-0.7705099807439657,-3.7874813387534334,16.260087966918945,235.0,-0.7705099807439657,-3.7874813387534334
45,-0.7848041863759464,-3.7874813387534334,16.66488814353943,240.0,-0.7848041863759464,-3.7874813387534334
46,-2.3511658106843267,-3.7874813387534334,17.0748393535614,245.0,-2.3511658106843267,-3.7874813387534334
47,-1.602364566691061,-3.7874813387534334,17.480592489242554,250.0,-1.602364566691061,-3.7874813387534334
48,-1.0157691457853806,-3.7874813387534334,17.902907133102417,255.0,-1.0157691457853806,-3.7874813387534334
49,-2.560906173556301,-3.7874813387534334,18.32836675643921,260.0,-2.560906173556301,-3.7874813387534334
0,-1.3532193107901773,-2.705974700795668,0.2926623821258545,15.0,-1.3532193107901773,-2.705974700795668
1,-3.4630577447213784,-3.4630577447213784,0.5476105213165283,20.0,-3.4630577447213784,-3.4630577447213784
2,-2.555438867523443,-3.4630577447213784,0.7163996696472168,25.0,-2.555438867523443,-3.4630577447213784
3,-1.8758271208986814,-3.4630577447213784,0.9013309478759766,30.0,-1.8758271208986814,-3.4630577447213784
4,-3.1254090896416677,-3.4630577447213784,1.0554251670837402,35.0,-3.1254090896416677,-3.4630577447213784
5,-2.1383828954268513,-3.4630577447213784,1.227128505706787,40.0,-2.1383828954268513,-3.4630577447213784
6,-3.5529494144715885,-3.5529494144715885,1.3874924182891846,45.0,-3.5529494144715885,-3.5529494144715885
7,-2.123645858297241,-3.5529494144715885,1.5577566623687744,50.0,-2.123645858297241,-3.5529494144715885
8,-2.2798905972729604,-3.5529494144715885,1.7243502140045166,55.0,-2.2798905972729604,-3.5529494144715885
9,-2.1392425213204147,-3.5529494144715885,1.908681869506836,60.0,-2.1392425213204147,-3.5529494144715885
10,-2.5611196409335646,-3.5529494144715885,2.081284761428833,65.0,-2.5611196409335646,-3.5529494144715885
11,-2.5451606394806348,-3.5529494144715885,2.2759501934051514,70.0,-2.5451606394806348,-3.5529494144715885
12,-3.2700916309136647,-3.5529494144715885,2.4572255611419678,75.0,-3.2700916309136647,-3.5529494144715885
13,-3.310828373156716,-3.5529494144715885,2.668295383453369,80.0,-3.310828373156716,-3.5529494144715885
14,-0.9033841299402569,-3.5529494144715885,2.8632287979125977,85.0,-0.9033841299402569,-3.5529494144715885
15,-2.9840031416789032,-3.5529494144715885,3.0644423961639404,90.0,-2.9840031416789032,-3.5529494144715885
16,-0.8361712234808173,-3.5529494144715885,3.261610507965088,95.0,-0.8361712234808173,-3.5529494144715885
17,-1.4529569329407281,-3.5529494144715885,3.4782462120056152,100.0,-1.4529569329407281,-3.5529494144715885
18,-2.619147273185028,-3.5529494144715885,3.704374074935913,105.0,-2.619147273185028,-3.5529494144715885
19,-1.6594346108999236,-3.5529494144715885,3.951911449432373,110.0,-1.6594346108999236,-3.5529494144715885
20,-1.1851969360862666,-3.5529494144715885,4.188997745513916,115.0,-1.1851969360862666,-3.5529494144715885
21,-2.40995527227413,-3.5529494144715885,4.4292614459991455,120.0,-2.40995527227413,-3.5529494144715885
22,-1.1515257945270592,-3.5529494144715885,4.675303936004639,125.0,-1.1515257945270592,-3.5529494144715885
23,-1.3019019341604754,-3.5529494144715885,4.965160131454468,130.0,-1.3019019341604754,-3.5529494144715885
24,-1.8459642860536323,-3.5529494144715885,5.338242769241333,135.0,-1.8459642860536323,-3.5529494144715885
25,-3.353764416228624,-3.5529494144715885,5.716524362564087,140.0,-3.353764416228624,-3.5529494144715885
26,-2.6392895949552146,-3.5529494144715885,6.108978509902954,145.0,-2.6392895949552146,-3.5529494144715885
27,-3.367866492560612,-3.5529494144715885,6.492166042327881,150.0,-3.367866492560612,-3.5529494144715885
28,-1.3604752119842747,-3.5529494144715885,6.878829002380371,155.0,-1.3604752119842747,-3.5529494144715885
29,-2.2538241926015656,-3.5529494144715885,7.247392654418945,160.0,-2.2538241926015656,-3.5529494144715885
30,-1.5675673594377655,-3.5529494144715885,7.621783971786499,165.0,-1.5675673594377655,-3.5529494144715885
31,-1.7771776612103505,-3.5529494144715885,8.058027982711792,170.0,-1.7771776612103505,-3.5529494144715885
32,-3.435320667036229,-3.5529494144715885,8.499948501586914,175.0,-3.435320667036229,-3.5529494144715885
33,-2.201887491822373,-3.5529494144715885,8.964157342910767,180.0,-2.201887491822373,-3.5529494144715885
34,-2.0615030034040105,-3.5529494144715885,9.330998420715332,185.0,-2.0615030034040105,-3.5529494144715885
35,-1.679177054782335,-3.5529494144715885,9.652676105499268,190.0,-1.679177054782335,-3.5529494144715885
36,-2.645803797339139,-3.5529494144715885,10.003788471221924,195.0,-2.645803797339139,-3.5529494144715885
37,-0.7438316761848595,-3.5529494144715885,10.340302467346191,200.0,-0.7438316761848595,-3.5529494144715885
38,-3.4494837643999583,-3.5529494144715885,10.698768854141235,205.0,-3.4494837643999583,-3.5529494144715885
39,-0.6208768873037448,-3.5529494144715885,11.16555118560791,210.0,-0.6208768873037448,-3.5529494144715885
40,-1.1171889763727691,-3.5529494144715885,11.573636531829834,215.0,-1.1171889763727691,-3.5529494144715885
41,-1.3159929579558132,-3.5529494144715885,11.981461524963379,220.0,-1.3159929579558132,-3.5529494144715885
42,-3.590955676864708,-3.590955676864708,12.340852499008179,225.0,-3.590955676864708,-3.590955676864708
43,-3.5020630633814513,-3.590955676864708,12.7039053440094,230.0,-3.5020630633814513,-3.590955676864708
44,-0.7381584850181023,-3.590955676864708,13.094979047775269,235.0,-0.7381584850181023,-3.590955676864708
45,-3.5134436285543433,-3.590955676864708,13.473601818084717,240.0,-3.5134436285543433,-3.590955676864708
46,-3.621028140604441,-3.621028140604441,13.888504028320312,245.0,-3.621028140604441,-3.621028140604441
47,-1.6511519723749044,-3.621028140604441,14.285884618759155,250.0,-1.6511519723749044,-3.621028140604441
48,-1.983120329865196,-3.621028140604441,14.704425811767578,255.0,-1.983120329865196,-3.621028140604441
49,-2.2089011974783443,-3.621028140604441,15.11778211593628,260.0,-2.2089011974783443,-3.621028140604441
0,-0.6672447275111405,-0.6672447275111405,0.4367363452911377,15.0,-0.6672447275111405,-0.6672447275111405
1,-0.8771658862419722,-0.8771658862419722,0.813514232635498,20.0,-0.8771658862419722,-0.8771658862419722
2,-0.8562275606745399,-0.8771658862419722,1.1761441230773926,25.0,-0.8562275606745399,-0.8771658862419722
3,-0.618052359737753,-0.8771658862419722,1.5632743835449219,30.0,-0.618052359737753,-0.8771658862419722
4,-0.41566080860449894,-0.8771658862419722,1.8614284992218018,35.0,-0.41566080860449894,-0.8771658862419722
5,-0.20212301546896014,-0.8771658862419722,2.207033157348633,40.0,-0.20212301546896014,-0.8771658862419722
6,-0.7830271939627762,-0.8771658862419722,2.5941073894500732,45.0,-0.7830271939627762,-0.8771658862419722
7,-1.0115031238331764,-1.0115031238331764,3.000047445297241,50.0,-1.0115031238331764,-1.0115031238331764
8,-1.9853213485369838,-1.9853213485369838,3.319990396499634,55.0,-1.9853213485369838,-1.9853213485369838
9,-0.28234688009774844,-1.9853213485369838,3.731212854385376,60.0,-0.28234688009774844,-1.9853213485369838
10,-0.18632662809234424,-1.9853213485369838,4.138895034790039,65.0,-0.18632662809234424,-1.9853213485369838
11,-1.6320721011377015,-1.9853213485369838,4.557798624038696,70.0,-1.6320721011377015,-1.9853213485369838
12,-0.831552861818047,-1.9853213485369838,5.003549814224243,75.0,-0.831552861818047,-1.9853213485369838
13,-0.8590766796399298,-1.9853213485369838,5.4081714153289795,80.0,-0.8590766796399298,-1.9853213485369838
14,-0.47649535177990904,-1.9853213485369838,5.880617380142212,85.0,-0.47649535177990904,-1.9853213485369838
15,-0.48937741978861465,-1.9853213485369838,6.4219865798950195,90.0,-0.48937741978861465,-1.9853213485369838
16,-0.2694186570918944,-1.9853213485369838,6.920185804367065,95.0,-0.2694186570918944,-1.9853213485369838
17,-0.9620795508560303,-1.9853213485369838,7.339059352874756,100.0,-0.9620795508560303,-1.9853213485369838
18,-0.8192555065854191,-1.9853213485369838,7.7494425773620605,105.0,-0.8192555065854191,-1.9853213485369838
19,-0.20695389051006327,-1.9853213485369838,8.148743867874146,110.0,-0.20695389051006327,-1.9853213485369838
20,-0.3316191911544636,-1.9853213485369838,8.615631103515625,115.0,-0.3316191911544636,-1.9853213485369838
21,-1.3202033391220638,-1.9853213485369838,9.095855951309204,120.0,-1.3202033391220638,-1.9853213485369838
22,-0.31546186339014926,-1.9853213485369838,9.707024335861206,125.0,-0.31546186339014926,-1.9853213485369838
23,-1.6457067967852939,-1.9853213485369838,10.183459043502808,130.0,-1.6457067967852939,-1.9853213485369838
24,-0.04630766301332565,-1.9853213485369838,10.817295551300049,135.0,-0.04630766301332565,-1.9853213485369838
25,-1.1808727683534486,-1.9853213485369838,11.431816816329956,140.0,-1.1808727683534486,-1.9853213485369838
26,-0.0864699287270786,-1.9853213485369838,12.056126356124878,145.0,-0.0864699287270786,-1.9853213485369838
27,-0.42652029978420014,-1.9853213485369838,12.709388494491577,150.0,-0.42652029978420014,-1.9853213485369838
28,-0.26347468130497836,-1.9853213485369838,13.168285846710205,155.0,-0.26347468130497836,-1.9853213485369838
29,-1.5271424602658774,-1.9853213485369838,13.64451003074646,160.0,-1.5271424602658774,-1.9853213485369838
30,-0.3921211783697206,-1.9853213485369838,14.149675369262695,165.0,-0.3921211783697206,-1.9853213485369838
31,-0.8056731494874612,-1.9853213485369838,14.626911640167236,170.0,-0.8056731494874612,-1.9853213485369838
32,-0.5241835835454673,-1.9853213485369838,15.22310495376587,175.0,-0.5241835835454673,-1.9853213485369838
33,-0.5071999139947301,-1.9853213485369838,15.787780284881592,180.0,-0.5071999139947301,-1.9853213485369838
34,-0.5243287138589805,-1.9853213485369838,16.345990419387817,185.0,-0.5243287138589805,-1.9853213485369838
35,-0.8981907377132777,-1.9853213485369838,16.837510585784912,190.0,-0.8981907377132777,-1.9853213485369838
36,-0.578870508019208,-1.9853213485369838,17.271305084228516,195.0,-0.578870508019208,-1.9853213485369838
37,-0.7889172544129887,-1.9853213485369838,17.67914628982544,200.0,-0.7889172544129887,-1.9853213485369838
38,-0.33951748985744856,-1.9853213485369838,18.154101610183716,205.0,-0.33951748985744856,-1.9853213485369838
39,-0.4466935585304609,-1.9853213485369838,18.57259464263916,210.0,-0.4466935585304609,-1.9853213485369838
40,-0.45618488244490946,-1.9853213485369838,19.00418472290039,215.0,-0.45618488244490946,-1.9853213485369838
41,-2.0037351412644377,-2.0037351412644377,19.426588535308838,220.0,-2.0037351412644377,-2.0037351412644377
42,-0.7600099411573672,-2.0037351412644377,19.84219789505005,225.0,-0.7600099411573672,-2.0037351412644377
43,-0.7065470805012474,-2.0037351412644377,20.272541999816895,230.0,-0.7065470805012474,-2.0037351412644377
44,-0.42158256349045825,-2.0037351412644377,20.68916344642639,235.0,-0.42158256349045825,-2.0037351412644377
45,-0.12353552697709562,-2.0037351412644377,21.13926100730896,240.0,-0.12353552697709562,-2.0037351412644377
46,-0.47784557984631365,-2.0037351412644377,21.687394618988037,245.0,-0.47784557984631365,-2.0037351412644377
47,-1.7478592594221631,-2.0037351412644377,22.145771026611328,250.0,-1.7478592594221631,-2.0037351412644377
48,-0.852965534100285,-2.0037351412644377,22.67331576347351,255.0,-0.852965534100285,-2.0037351412644377
49,-1.1705660575891437,-2.0037351412644377,23.167669773101807,260.0,-1.1705660575891437,-2.0037351412644377
0,8.286115283497047,8.286115283497047,0.29822278022766113,15.0,8.286115283497047,8.286115283497047
1,10.036615388449786,8.286115283497047,0.5440540313720703,20.0,10.036615388449786,8.286115283497047
2,1.1497619980585807,1.1497619980585807,0.8015644550323486,25.0,1.1497619980585807,1.1497619980585807
3,29.55413766828353,1.1497619980585807,1.0644173622131348,30.0,29.55413766828353,1.1497619980585807
4,15.443071013653753,1.1497619980585807,1.3205657005310059,35.0,15.443071013653753,1.1497619980585807
5,12.320282415243998,1.1497619980585807,1.569192886352539,40.0,12.320282415243998,1.1497619980585807
6,4.983252904579848,1.1497619980585807,1.8258755207061768,45.0,4.983252904579848,1.1497619980585807
7,10.018130444144369,1.1497619980585807,2.1178553104400635,50.0,10.018130444144369,1.1497619980585807
8,9.14344958363968,1.1497619980585807,2.458317756652832,55.0,9.14344958363968,1.1497619980585807
9,17.355906742755913,1.1497619980585807,2.7272136211395264,60.0,17.355906742755913,1.1497619980585807
10,17.99765706963446,1.1497619980585807,3.0012998580932617,65.0,17.99765706963446,1.1497619980585807
11,1.660900623227445,1.1497619980585807,3.1725223064422607,70.0,1.660900623227445,1.1497619980585807
12,1.8479650033466202,1.1497619980585807,3.3730390071868896,75.0,1.8479650033466202,1.1497619980585807
13,10.2145317269146,1.1497619980585807,3.61997389793396,80.0,10.2145317269146,1.1497619980585807
14,2.8122279045291734,1.1497619980585807,3.817549705505371,85.0,2.8122279045291734,1.1497619980585807
15,28.023324437616147,1.1497619980585807,4.055580139160156,90.0,28.023324437616147,1.1497619980585807
16,4.154213974768247,1.1497619980585807,4.372896194458008,95.0,4.154213974768247,1.1497619980585807
17,7.1321578769183605,1.1497619980585807,4.690738916397095,100.0,7.1321578769183605,1.1497619980585807
18,5.351567156974172,1.1497619980585807,5.0062596797943115,105.0,5.351567156974172,1.1497619980585807
19,7.500222839037772,1.1497619980585807,5.32573938369751,110.0,7.500222839037772,1.1497619980585807
20,13.985030927249941,1.1497619980585807,5.665680170059204,115.0,13.985030927249941,1.1497619980585807
21,35.80223599679791,1.1497619980585807,6.00860595703125,120.0,35.80223599679791,1.1497619980585807
22,1.8732124099613128,1.1497619980585807,6.360052824020386,125.0,1.8732124099613128,1.1497619980585807
23,19.194842147741973,1.1497619980585807,6.716069221496582,130.0,19.194842147741973,1.1497619980585807
24,2.121206282573871,1.1497619980585807,7.072120428085327,135.0,2.121206282573871,1.1497619980585807
25,1.0831770980226625,1.0831770980226625,7.4385905265808105,140.0,1.0831770980226625,1.0831770980226625
26,2.328157998480495,1.0831770980226625,7.820657253265381,145.0,2.328157998480495,1.0831770980226625
27,10.259278644636234,1.0831770980226625,8.19935917854309,150.0,10.259278644636234,1.0831770980226625
28,26.077100460866767,1.0831770980226625,8.55739164352417,155.0,26.077100460866767,1.0831770980226625
29,4.007960603805235,1.0831770980226625,8.892235040664673,160.0,4.007960603805235,1.0831770980226625
30,0.5055086886438449,0.5055086886438449,9.193155765533447,165.0,0.5055086886438449,0.5055086886438449
31,15.585049474202053,0.5055086886438449,9.568502187728882,170.0,15.585049474202053,0.5055086886438449
32,13.879014993746638,0.5055086886438449,10.045125961303711,175.0,13.879014993746638,0.5055086886438449
33,48.99629651731563,0.5055086886438449,10.44559931755066,180.0,48.99629651731563,0.5055086886438449
34,4.669992535026192,0.5055086886438449,10.865987539291382,185.0,4.669992535026192,0.5055086886438449
35,19.344201087845608,0.5055086886438449,11.183484077453613,190.0,19.344201087845608,0.5055086886438449
36,9.22188220033174,0.5055086886438449,11.50365948677063,195.0,9.22188220033174,0.5055086886438449
37,1.8539220995660435,0.5055086886438449,11.828131675720215,200.0,1.8539220995660435,0.5055086886438449
38,3.5165702362207165,0.5055086886438449,12.160174369812012,205.0,3.5165702362207165,0.5055086886438449
39,8.09109263392318,0.5055086886438449,12.493140459060669,210.0,8.09109263392318,0.5055086886438449
40,30.490746559526826,0.5055086886438449,12.885913610458374,215.0,30.490746559526826,0.5055086886438449
41,8.584213835106198,0.5055086886438449,13.247368574142456,220.0,8.584213835106198,0.5055086886438449
42,10.176862297135019,0.5055086886438449,13.603757381439209,225.0,10.176862297135019,0.5055086886438449
43,10.134217068667484,0.5055086886438449,13.97703742980957,230.0,10.134217068667484,0.5055086886438449
44,0.7718272072726279,0.5055086886438449,14.386630535125732,235.0,0.7718272072726279,0.5055086886438449
45,4.0783823104708485,0.5055086886438449,14.781548738479614,240.0,4.0783823104708485,0.5055086886438449
46,7.104934722179861,0.5055086886438449,15.187180757522583,245.0,7.104934722179861,0.5055086886438449
47,8.385546859872191,0.5055086886438449,15.586221933364868,250.0,8.385546859872191,0.5055086886438449
48,6.0074228409797215,0.5055086886438449,16.005188941955566,255.0,6.0074228409797215,0.5055086886438449
49,6.317341947713789,0.5055086886438449,16.430848598480225,260.0,6.317341947713789,0.5055086886438449
0,-1.072225639128659,-1.6940414070281287,0.09077906608581543,15.0,-1.072225639128659,-1.6940414070281287
1,-0.6599965266217076,-1.6940414070281287,0.16979718208312988,20.0,-0.6599965266217076,-1.6940414070281287
2,-0.622259688650594,-1.6940414070281287,0.24699711799621582,25.0,-0.622259688650594,-1.6940414070281287
3,-0.12689147817394733,-1.6940414070281287,0.32364368438720703,30.0,-0.12689147817394733,-1.6940414070281287
4,-0.9085821101737133,-1.6940414070281287,0.40110111236572266,35.0,-0.9085821101737133,-1.6940414070281287
5,-1.1154766951064805,-1.6940414070281287,0.47704410552978516,40.0,-1.1154766951064805,-1.6940414070281287
6,-0.22622144716115333,-1.6940414070281287,0.5541191101074219,45.0,-0.22622144716115333,-1.6940414070281287
7,-0.5974237367402294,-1.6940414070281287,0.6314032077789307,50.0,-0.5974237367402294,-1.6940414070281287
8,-0.660341129034931,-1.6940414070281287,0.7088189125061035,55.0,-0.660341129034931,-1.6940414070281287
9,-0.9491035912076751,-1.6940414070281287,0.7853469848632812,60.0,-0.9491035912076751,-1.6940414070281287
10,-0.13249205380895238,-1.6940414070281287,0.8627524375915527,65.0,-0.13249205380895238,-1.6940414070281287
11,-0.7465289842474189,-1.6940414070281287,0.9392507076263428,70.0,-0.7465289842474189,-1.6940414070281287
12,-0.7912632566062859,-1.6940414070281287,1.0173370838165283,75.0,-0.7912632566062859,-1.6940414070281287
13,-0.2862526554606694,-1.6940414070281287,1.0937986373901367,80.0,-0.2862526554606694,-1.6940414070281287
14,-0.35365446247186394,-1.6940414070281287,1.1698811054229736,85.0,-0.35365446247186394,-1.6940414070281287
15,-0.6006720778413321,-1.6940414070281287,1.2463021278381348,90.0,-0.6006720778413321,-1.6940414070281287
16,-2.7497239173389763,-2.7497239173389763,1.3215751647949219,95.0,-2.7497239173389763,-2.7497239173389763
17,-1.2011043722563357,-2.7497239173389763,1.3961265087127686,100.0,-1.2011043722563357,-2.7497239173389763
18,-0.41935037681546444,-2.7497239173389763,1.4723186492919922,105.0,-0.41935037681546444,-2.7497239173389763
19,-1.0693841059103872,-2.7497239173389763,1.5475685596466064,110.0,-1.0693841059103872,-2.7497239173389763
20,-0.65557822332901,-2.7497239173389763,1.6217103004455566,115.0,-0.65557822332901,-2.7497239173389763
21,-0.17823459076683196,-2.7497239173389763,1.699044942855835,120.0,-0.17823459076683196,-2.7497239173389763
22,-2.3109944346517683,-2.7497239173389763,1.77534818649292,125.0,-2.3109944346517683,-2.7497239173389763
23,-2.6416737497015617,-2.7497239173389763,1.8535897731781006,130.0,-2.6416737497015617,-2.7497239173389763
24,-0.7630957730720848,-2.7497239173389763,1.9307804107666016,135.0,-0.7630957730720848,-2.7497239173389763
25,-0.2557782792926389,-2.7497239173389763,2.0065841674804688,140.0,-0.2557782792926389,-2.7497239173389763
26,-0.09611020808279822,-2.7497239173389763,2.0839970111846924,145.0,-0.09611020808279822,-2.7497239173389763
27,-1.301566760098747,-2.7497239173389763,2.163928747177124,150.0,-1.301566760098747,-2.7497239173389763
28,-2.344836397077974,-2.7497239173389763,2.2399473190307617,155.0,-2.344836397077974,-2.7497239173389763
29,-0.37731907457663716,-2.7497239173389763,2.316218852996826,160.0,-0.37731907457663716,-2.7497239173389763
30,-0.9859724659749747,-2.7497239173389763,2.391977548599243,165.0,-0.9859724659749747,-2.7497239173389763
31,-0.26935213668590346,-2.7497239173389763,2.4675333499908447,170.0,-0.26935213668590346,-2.7497239173389763
32,-1.826724581983229,-2.7497239173389763,2.541872262954712,175.0,-1.826724581983229,-2.7497239173389763
33,-0.676580989929318,-2.7497239173389763,2.618772268295288,180.0,-0.676580989929318,-2.7497239173389763
34,-0.44275627857009525,-2.7497239173389763,2.694765329360962,185.0,-0.44275627857009525,-2.7497239173389763
35,-0.4476091760645907,-2.7497239173389763,2.770334482192993,190.0,-0.4476091760645907,-2.7497239173389763
36,-1.267129143471321,-2.7497239173389763,2.847888708114624,195.0,-1.267129143471321,-2.7497239173389763
37,-0.1376446722144868,-2.7497239173389763,2.923619031906128,200.0,-0.1376446722144868,-2.7497239173389763
38,-0.6659351668371715,-2.7497239173389763,2.9990854263305664,205.0,-0.6659351668371715,-2.7497239173389763
39,-0.4777595857944,-2.7497239173389763,3.0762486457824707,210.0,-0.4777595857944,-2.7497239173389763
40,-0.3463988737839503,-2.7497239173389763,3.152559757232666,215.0,-0.3463988737839503,-2.7497239173389763
41,-0.2352794403236697,-2.7497239173389763,3.2289879322052,220.0,-0.2352794403236697,-2.7497239173389763
42,-1.2654383830240528,-2.7497239173389763,3.3050875663757324,225.0,-1.2654383830240528,-2.7497239173389763
43,-1.0180034217540836,-2.7497239173389763,3.3809990882873535,230.0,-1.0180034217540836,-2.7497239173389763
44,-0.10537011421377683,-2.7497239173389763,3.4558491706848145,235.0,-0.10537011421377683,-2.7497239173389763
45,-0.9605286198686442,-2.7497239173389763,3.531419277191162,240.0,-0.9605286198686442,-2.7497239173389763
46,-0.8021007554988551,-2.7497239173389763,3.605813503265381,245.0,-0.8021007554988551,-2.7497239173389763
47,-0.9179385512496517,-2.7497239173389763,3.6807241439819336,250.0,-0.9179385512496517,-2.7497239173389763
48,-1.568375893961763,-2.7497239173389763,3.757610321044922,255.0,-1.568375893961763,-2.7497239173389763
49,-1.4404061201989353,-2.7497239173389763,3.8335886001586914,260.0,-1.4404061201989353,-2.7497239173389763
0,-1.3762648244192135,-1.3762648244192135,0.04685544967651367,357.01385999999997,,,-1.3478431747456379,-1.3478431747456379
1,-1.4373350562455582,-1.4373350562455582,0.5061378479003906,608.2657499999999,0.11194893348373847,-1.5492839897292967,-1.4279500363887232,-1.4279500363887232
2,-1.3037194777659697,-1.4373350562455582,0.9640920162200928,855.5854800000001,0.24556451196332696,-1.5492839897292967,-1.2740376787742231,-1.4279500363887232
3,-1.2898212207425717,-1.4373350562455582,1.5915107727050781,1338.83481,0.2813579789869973,-1.571179199729569,-1.2808538486618934,-1.4279500363887232
4,-1.438345838208939,-1.438345838208939,2.216066837310791,1613.67966,0.07360245316936731,-1.571179199729569,-1.4217143063511513,-1.4279500363887232
5,-1.3780087816299686,-1.438345838208939,2.847162961959839,1963.2355499999999,0.12724931101452297,-1.571179199729569,-1.365315954734699,-1.4279500363887232
6,-1.4733348281633136,-1.4733348281633136,3.4809072017669678,2234.14824,0.04224850757668164,-1.571179199729569,-1.4662037443481926,-1.4662037443481926
7,-1.1242993951532072,-1.4733348281633136,4.117222547531128,2438.21421,0.49196174176867546,-1.6162611369218827,-1.1279381180499382,-1.4662037443481926
8,-1.2873544137072708,-1.4733348281633136,4.753009080886841,2740.58418,0.23352332141217524,-1.6162611369218827,-1.2694006096483916,-1.4662037443481926
9,-1.4140356165032286,-1.4733348281633136,5.3921496868133545,2995.76823,0.13524837322606809,-1.6162611369218827,-1.391507928172778,-1.4662037443481926
10,-1.3877353986229037,-1.4733348281633136,6.040776014328003,3286.3417200000004,0.12185717773677207,-1.6162611369218827,-1.3947298399409922,-1.4662037443481926
11,-1.3753148564007533,-1.4733348281633136,6.760110855102539,3529.7292899999998,0.1683353153810454,-1.6162611369218827,-1.3621872857766575,-1.4662037443481926
12,-1.4594673860679455,-1.4733348281633136,7.331986427307129,3847.8279,0.0,-1.6162611369218827,-1.4584350388975729,-1.4662037443481926
13,-1.3756314135313603,-1.4733348281633136,7.857527256011963,4154.13003,0.13776931137115245,-1.6162611369218827,-1.3598471911050423,-1.4662037443481926
14,-1.45038498185066,-1.4733348281633136,8.34959626197815,4342.467360000001,0.07839502767859674,-1.6162611369218827,-1.4409617624621986,-1.4662037443481926
15,-1.5121297300778533,-1.5121297300778533,8.845121622085571,4668.43029,0.004546702274935477,-1.6162611369218827,-1.5041774017766076,-1.5041774017766076
16,-1.3075571209435546,-1.5121297300778533,9.576605319976807,4896.08922,0.20911931140923423,-1.6162611369218827,-1.2888047398426332,-1.5041774017766076
17,-1.3561920178720095,-1.5121297300778533,10.412272214889526,5131.61247,0.16541818464379698,-1.6162611369218827,-1.3582901647102936,-1.5041774017766076
18,-1.3759480690657462,-1.5121297300778533,11.073439836502075,5433.98244,0.18851647830913354,-1.6162611369218827,-1.3767401483150792,-1.5041774017766076
19,-1.4989704596267364,-1.5121297300778533,11.573179960250854,5704.89513,0.021907275492709655,-1.6162611369218827,-1.486777899698213,-1.5041774017766076
20,-1.3561920178720095,-1.5121297300778533,12.09094500541687,5944.3505399999995,0.14816541800168936,-1.6162611369218827,-1.3582901647102936,-1.5041774017766076
21,-1.320506621130518,-1.5121297300778533,12.794468879699707,6172.00947,0.19616981122227073,-1.6162611369218827,-1.302320927343712,-1.5041774017766076
22,-1.3029831535808347,-1.5121297300778533,13.31553316116333,6348.550319999999,0.20137428229286414,-1.6162611369218827,-1.2909841813155656,-1.5041774017766076
23,-1.45038498185066,-1.5121297300778533,13.845121622085571,6690.241889999999,0.05397245402303885,-1.6162611369218827,-1.4409617624621986,-1.5041774017766076
24,-1.2308644999614486,-1.5121297300778533,14.378203868865967,7008.3405,0.27637790048861643,-1.6162611369218827,-1.2454894845288693,-1.5041774017766076
25,-1.1857400352657776,-1.5121297300778533,14.923215627670288,7239.93159,0.3502615597757035,-1.6162611369218827,-1.1535965970008693,-1.5041774017766076
26,-1.2399454638567828,-1.5121297300778533,15.474540948867798,7487.251319999999,0.2986612674755571,-1.6162611369218827,-1.22758266996507,-1.5041774017766076
27,-1.210930284319796,-1.5121297300778533,16.20510506629944,7659.86001,0.3106799181960105,-1.6162611369218827,-1.1698934906730734,-1.5041774017766076
28,-1.3537110119800757,-1.5121297300778533,16.94624972343445,7863.92598,0.21746818774949328,-1.6162611369218827,-1.3401744255063375,-1.5041774017766076
29,-1.310519207332094,-1.5121297300778533,17.7105233669281,8119.11003,0.12597431063406672,-1.6162611369218827,-1.3089630181835672,-1.5041774017766076
30,-1.3883765276177948,-1.5121297300778533,18.441933631896973,8390.02272,0.1392970827886928,-1.6162611369218827,-1.3668839676000677,-1.5041774017766076
31,-1.409931531485997,-1.5121297300778533,19.173553466796875,8700.257010000001,0.09406586892952418,-1.6162611369218827,-1.4036439994550038,-1.5041774017766076
32,-1.3753148564007533,-1.5121297300778533,19.929687023162842,9018.35562,0.1606867386407278,-1.6162611369218827,-1.3459204669816174,-1.5041774017766076
33,-1.1724741374242789,-1.5121297300778533,20.68752646446228,9316.793430000002,0.3588922394767635,-1.6162611369218827,-1.156135474911776,-1.5041774017766076
34,-1.2074454929882756,-1.5121297300778533,21.46199345588684,9619.163400000001,0.30904867291319915,-1.6162611369218827,-1.1963353771967247,-1.5041774017766076
35,-1.3523181454705657,-1.5121297300778533,22.262372255325317,9897.94041,0.19696584425873098,-1.6162611369218827,-1.3276481656871573,-1.5041774017766076
36,-1.2506452117569506,-1.5121297300778533,22.80427074432373,10062.68478,0.18904992578101654,-1.6162611369218827,-1.231001476713855,-1.5041774017766076
37,-1.3163206378566061,-1.5121297300778533,23.370205402374268,10270.68291,0.18803679801709272,-1.6162611369218827,-1.2815740503494875,-1.5041774017766076
38,-1.5166764323527888,-1.5166764323527888,23.896239519119263,10435.42728,0.0,-1.6162611369218827,-1.524178068483277,-1.524178068483277
39,-1.3699486826798772,-1.5166764323527888,24.409903526306152,10777.118849999999,0.21518693615900286,-1.6162611369218827,-1.3493840070997938,-1.524178068483277
40,-1.2743952678366213,-1.5166764323527888,24.884881734848022,11099.14962,0.23140360873746735,-1.6162611369218827,-1.2662028808620704,-1.524178068483277
41,-1.5043574358736989,-1.5166764323527888,25.369550943374634,11334.672869999999,0.06029833262126494,-1.6162611369218827,-1.5082360319251333,-1.524178068483277
42,-1.2742522167272154,-1.5166764323527888,25.85930848121643,11786.464920000002,0.2006548020023451,-1.6162611369218827,-1.247576441808068,-1.524178068483277
43,-1.5072423996785844,-1.5166764323527888,26.359731197357178,12100.631370000001,0.0,-1.6162611369218827,-1.5041774017766076,-1.524178068483277
44,-1.4104231318981553,-1.5166764323527888,26.858454942703247,12469.84806,0.0819431094930283,-1.6162611369218827,-1.3907040696085906,-1.524178068483277
45,-1.4272830357902757,-1.5166764323527888,27.37358021736145,12780.08235,0.122000953939021,-1.6162611369218827,-1.396344696973392,-1.524178068483277
46,-1.4594673860679455,-1.5166764323527888,27.902209997177124,12913.369439999999,0.054842181163584414,-1.6162611369218827,-1.4584350388975729,-1.524178068483277
47,-1.4736839916696292,-1.5166764323527888,28.480405807495117,13270.789649999999,0.06138883948909579,-1.6162611369218827,-1.4679383501604006,-1.524178068483277
48,-1.2388403391494047,-1.5166764323527888,29.115777492523193,13651.80282,0.29363653192251116,-1.6162611369218827,-1.2316866428934516,-1.524178068483277
49,-1.3322608249050252,-1.5166764323527888,29.70314311981201,13895.19039,0.20281200625369977,-1.6162611369218827,-1.3082228256997352,-1.524178068483277
50,-1.2789837470858176,-1.5166764323527888,30.247607469558716,14201.49252,0.24262645542998884,-1.6162611369218827,-1.292075685880909,-1.524178068483277
0,-3.3688737442274346,-3.3688737442274346,0.007483243942260742,10.0,,,-3.3688737442274346,-3.3688737442274346
1,-3.190036695551836,-3.3688737442274346,0.1893310546875,15.0,0.4552149465286104,-3.6452516420804466,-3.190036695551836,-3.3688737442274346
2,-2.2992590051629476,-3.3688737442274346,0.3466761112213135,20.0,0.9701248776042557,-3.6452516420804466,-2.2992590051629476,-3.3688737442274346
3,-2.4310118870944644,-3.3688737442274346,0.5180819034576416,25.0,0.980331267009058,-3.6452516420804466,-2.4310118870944644,-3.3688737442274346
4,-3.6575736552716758,-3.6575736552716758,0.6743485927581787,30.0,0.0806905325797369,-3.7382641878514127,-3.6575736552716758,-3.6575736552716758
5,-1.1619540737618437,-3.6575736552716758,0.8393566608428955,35.0,2.3603616736910533,-3.7382641878514127,-1.1619540737618437,-3.6575736552716758
6,-2.4398863975473657,-3.6575736552716758,1.0096557140350342,40.0,1.4075397205318878,-3.8474261180792535,-2.4398863975473657,-3.6575736552716758
7,-0.8349781699173746,-3.6575736552716758,1.1798086166381836,45.0,2.4414571745790994,-3.8474261180792535,-0.8349781699173746,-3.6575736552716758
8,-2.651493146900354,-3.6575736552716758,1.3473410606384277,50.0,0.9499429804093791,-3.8474261180792535,-2.651493146900354,-3.6575736552716758
9,-3.781002702588032,-3.781002702588032,1.5478472709655762,55.0,0.0,-3.8474261180792535,-3.781002702588032,-3.781002702588032
10,-1.847226873435128,-3.781002702588032,1.7219271659851074,60.0,1.6366305511843853,-3.8474261180792535,-1.847226873435128,-3.781002702588032
11,-0.4255513717855198,-3.781002702588032,1.905611515045166,65.0,3.1252670385309123,-3.8474261180792535,-0.4255513717855198,-3.781002702588032
12,-2.5234002607894714,-3.781002702588032,2.0881142616271973,70.0,0.6507999381552185,-3.8474261180792535,-2.5234002607894714,-3.781002702588032
13,-3.465890267748463,-3.781002702588032,2.2798967361450195,75.0,0.22821776036059793,-3.8474261180792535,-3.465890267748463,-3.781002702588032
14,-2.5761236517316943,-3.781002702588032,2.4701762199401855,80.0,1.1170153463072001,-3.8474261180792535,-2.5761236517316943,-3.781002702588032
15,-1.6176643396976398,-3.781002702588032,2.6709368228912354,85.0,2.0971198479794038,-3.8474261180792535,-1.6176643396976398,-3.781002702588032
16,-1.361009000142404,-3.781002702588032,2.8713574409484863,90.0,2.3899234212580716,-3.8474261180792535,-1.361009000142404,-3.781002702588032
17,-1.1677501106893966,-3.781002702588032,3.080638885498047,95.0,2.507650627598185,-3.8474261180792535,-1.1677501106893966,-3.781002702588032
18,-3.0825368816625405,-3.781002702588032,3.296056032180786,100.0,0.6653233716347025,-3.8474261180792535,-3.0825368816625405,-3.781002702588032
19,-1.4380198020469805,-3.781002702588032,3.5185048580169678,105.0,1.9582648200598847,-3.8474261180792535,-1.4380198020469805,-3.781002702588032
20,-1.5530349336392817,-3.781002702588032,3.7443888187408447,110.0,2.006018651506747,-3.8474261180792535,-1.5530349336392817,-3.781002702588032
21,-3.686801228562352,-3.781002702588032,3.980064630508423,115.0,0.0,-3.8474261180792535,-3.686801228562352,-3.781002702588032
22,-1.9693796178605611,-3.781002702588032,4.2294299602508545,120.0,1.7788737278993152,-3.8474261180792535,-1.9693796178605611,-3.781002702588032
23,-3.0200575959922813,-3.781002702588032,4.47862696647644,125.0,0.20998389243640325,-3.8474261180792535,-3.0200575959922813,-3.781002702588032
24,-3.3639756198154918,-3.781002702588032,4.731825590133667,130.0,0.38743476467881166,-3.8474261180792535,-3.3639756198154918,-3.781002702588032
25,-3.5924845501827374,-3.781002702588032,5.02535343170166,135.0,0.0,-3.8474261180792535,-3.5924845501827374,-3.781002702588032
26,-3.6764917378534108,-3.781002702588032,5.370543479919434,140.0,0.0,-3.8474261180792535,-3.6764917378534108,-3.781002702588032
27,-1.8357992102141834,-3.781002702588032,5.881131410598755,145.0,2.0153924463653548,-3.8511916565795383,-1.8357992102141834,-3.781002702588032
28,-2.6743219953210815,-3.781002702588032,6.287186861038208,150.0,1.0744609174688637,-3.8511916565795383,-2.6743219953210815,-3.781002702588032
29,-1.0937282735638265,-3.781002702588032,6.755849599838257,155.0,2.401375207344766,-3.8511916565795383,-1.0937282735638265,-3.781002702588032
30,-1.9054463917938527,-3.781002702588032,7.19218897819519,160.0,1.8435797508681018,-3.8511916565795383,-1.9054463917938527,-3.781002702588032
31,-1.9945522062164276,-3.781002702588032,7.626353979110718,165.0,1.7862296066817134,-3.8511916565795383,-1.9945522062164276,-3.781002702588032
32,-3.6060211352841014,-3.781002702588032,8.096890211105347,170.0,0.16331741305173697,-3.8511916565795383,-3.6060211352841014,-3.781002702588032
33,-0.8265633525912571,-3.781002702588032,8.574051141738892,175.0,2.803726775067855,-3.8511916565795383,-0.8265633525912571,-3.781002702588032
34,-0.625860851460531,-3.781002702588032,9.05101227760315,180.0,2.829733134883745,-3.8511916565795383,-0.625860851460531,-3.781002702588032
35,-3.577440678085229,-3.781002702588032,9.502516269683838,185.0,0.0,-3.8511916565795383,-3.577440678085229,-3.781002702588032
36,-2.540864550571655,-3.781002702588032,9.858077764511108,190.0,1.2020968775028908,-3.8511916565795383,-2.540864550571655,-3.781002702588032
37,-2.2091112277060945,-3.781002702588032,10.221388101577759,195.0,1.288421772563713,-3.8511916565795383,-2.2091112277060945,-3.781002702588032
38,-1.5674118837767528,-3.781002702588032,10.577878475189209,200.0,2.0530290882567463,-3.8511916565795383,-1.5674118837767528,-3.781002702588032
39,-3.2332224888846026,-3.781002702588032,10.994041681289673,205.0,0.501056483474744,-3.8511916565795383,-3.2332224888846026,-3.781002702588032
40,-3.258697476360954,-3.781002702588032,11.431589841842651,210.0,0.5279062290456729,-3.8511916565795383,-3.258697476360954,-3.781002702588032
41,-1.8109007726331252,-3.781002702588032,11.926813840866089,215.0,1.7261830925406447,-3.8511916565795383,-1.8109007726331252,-3.781002702588032
42,-1.3619855011561501,-3.781002702588032,12.569527864456177,220.0,2.0632762079427667,-3.8511916565795383,-1.3619855011561501,-3.781002702588032
43,-2.417014184252269,-3.781002702588032,13.041026830673218,225.0,0.907957954519754,-3.8511916565795383,-2.417014184252269,-3.781002702588032
44,-1.0238660900797232,-3.781002702588032,13.461483478546143,230.0,2.3616405768328077,-3.8511916565795383,-1.0238660900797232,-3.781002702588032
45,-3.4576161474007523,-3.781002702588032,13.890928983688354,235.0,0.15903231336530954,-3.8511916565795383,-3.4576161474007523,-3.781002702588032
46,-2.456935385214426,-3.781002702588032,14.315810441970825,240.0,1.303056571048344,-3.8511916565795383,-2.456935385214426,-3.781002702588032
47,-0.9341759393360817,-3.781002702588032,14.765278577804565,245.0,2.770061705299476,-3.8511916565795383,-0.9341759393360817,-3.781002702588032
48,-2.80843178263244,-3.781002702588032,15.184545278549194,250.0,0.9679621969028478,-3.8511916565795383,-2.80843178263244,-3.781002702588032
49,-2.7684608256918724,-3.781002702588032,15.596274137496948,255.0,0.46383425382095034,-3.8511916565795383,-2.7684608256918724,-3.781002702588032
50,-3.6322519518680902,-3.781002702588032,16.007911920547485,260.0,0.0,-3.8511916565795383,-3.6322519518680902,-3.781002702588032
0,-1.055882468816669,-1.055882468816669,0.012837886810302734,10.0,,,-1.055882468816669,-1.055882468816669
1,-1.7542306042723093,-1.7542306042723093,0.2156825065612793,5.0,0.0,-1.7542306042723093,-1.7542306042723093,-1.7542306042723093
2,-1.0521336992169739,-1.7542306042723093,0.37243199348449707,5.0,0.7708137037236744,-1.8229474029406483,-1.0521336992169739,-1.7542306042723093
3,-0.4359037764518236,-1.7542306042723093,0.5381760597229004,5.0,1.225728546962161,-1.8229474029406483,-0.4359037764518236,-1.7542306042723093
4,-0.16155710171841464,-1.7542306042723093,0.6968262195587158,5.0,1.3386046449279285,-1.8229474029406483,-0.16155710171841464,-1.7542306042723093
5,-1.2552237210803154,-1.7542306042723093,0.8594799041748047,5.0,1.4440658687490164,-2.699289589829332,-1.2552237210803154,-1.7542306042723093
6,-1.5640818363327504,-1.7542306042723093,1.0267243385314941,5.0,0.12145510174059915,-2.699289589829332,-1.5640818363327504,-1.7542306042723093
7,-1.1009750924460817,-1.7542306042723093,1.1982202529907227,5.0,1.5734351936529583,-2.699289589829332,-1.1009750924460817,-1.7542306042723093
8,-0.24215551210312355,-1.7542306042723093,1.369931697845459,5.0,2.1005209641528686,-2.699289589829332,-0.24215551210312355,-1.7542306042723093
9,-1.216057553353968,-1.7542306042723093,1.5501046180725098,5.0,1.478057825953352,-2.699289589829332,-1.216057553353968,-1.7542306042723093
10,-0.6210448431646488,-1.7542306042723093,1.732276439666748,5.0,1.4039792876957549,-2.699289589829332,-0.6210448431646488,-1.7542306042723093
11,-0.3976922383367274,-1.7542306042723093,1.9253289699554443,5.0,1.51410112660703,-2.699289589829332,-0.3976922383367274,-1.7542306042723093
12,-0.3484294193014454,-1.7542306042723093,2.113555908203125,5.0,1.8865312136445835,-2.699289589829332,-0.3484294193014454,-1.7542306042723093
13,-0.5462457127487933,-1.7542306042723093,2.3081002235412598,5.0,1.486171045442771,-2.699289589829332,-0.5462457127487933,-1.7542306042723093
14,-0.25088435233881745,-1.7542306042723093,2.5055525302886963,5.0,2.1309486413779712,-2.699289589829332,-0.25088435233881745,-1.7542306042723093
15,-0.3182001373753968,-1.7542306042723093,2.707977294921875,5.0,0.8805680470563806,-2.699289589829332,-0.3182001373753968,-1.7542306042723093
16,-1.4984913889292024,-1.7542306042723093,2.9135963916778564,5.0,0.7250737485592829,-2.699289589829332,-1.4984913889292024,-1.7542306042723093
17,-0.5302764573175531,-1.7542306042723093,3.128443717956543,5.0,1.0251759230354667,-2.699289589829332,-0.5302764573175531,-1.7542306042723093
18,-1.5347130959913375,-1.7542306042723093,3.346374750137329,5.0,0.5553531135822953,-2.699289589829332,-1.5347130959913375,-1.7542306042723093
19,-1.379669672985966,-1.7542306042723093,3.5770108699798584,5.0,0.0,-2.699289589829332,-1.379669672985966,-1.7542306042723093
20,-0.22194163104457537,-1.7542306042723093,3.8139708042144775,5.0,1.4455979150638214,-2.699289589829332,-0.22194163104457537,-1.7542306042723093
21,-0.365049337831471,-1.7542306042723093,4.058475732803345,5.0,2.1556248953498693,-2.699289589829332,-0.365049337831471,-1.7542306042723093
22,-0.3502895763149691,-1.7542306042723093,4.3132476806640625,5.0,1.2495080398221239,-2.699289589829332,-0.3502895763149691,-1.7542306042723093
23,-0.05471932164090824,-1.7542306042723093,4.574286937713623,5.0,2.9019709355548495,-2.9566902571957576,-0.05471932164090824,-1.7542306042723093
24,-0.5310470619965717,-1.7542306042723093,4.876154184341431,5.0,2.0419433164406184,-2.9566902571957576,-0.5310470619965717,-1.7542306042723093
25,-0.06736471597248742,-1.7542306042723093,5.159815311431885,5.0,1.7633327609356197,-2.9566902571957576,-0.06736471597248742,-1.7542306042723093
26,-0.21081993318119066,-1.7542306042723093,5.45261287689209,5.0,2.241454120907842,-2.9566902571957576,-0.21081993318119066,-1.7542306042723093
27,-1.4945515944798615,-1.7542306042723093,5.747227907180786,5.0,0.0,-2.9566902571957576,-1.4945515944798615,-1.7542306042723093
28,-0.7215456720290839,-1.7542306042723093,6.0412821769714355,5.0,0.9065494393119867,-2.9566902571957576,-0.7215456720290839,-1.7542306042723093
29,-1.420556575150339,-1.7542306042723093,6.336089372634888,5.0,0.17918520435400298,-2.9566902571957576,-1.420556575150339,-1.7542306042723093
30,-1.105367865876054,-1.7542306042723093,6.64156436920166,5.0,0.4407260024229622,-2.9566902571957576,-1.105367865876054,-1.7542306042723093
31,-0.21872667065126766,-1.7542306042723093,6.949828386306763,5.0,1.839179596738882,-2.9566902571957576,-0.21872667065126766,-1.7542306042723093
32,-0.286213655644829,-1.7542306042723093,7.2588396072387695,5.0,1.2194205714887796,-2.9566902571957576,-0.286213655644829,-1.7542306042723093
33,-0.48546217165786265,-1.7542306042723093,7.572481632232666,5.0,1.183462801609519,-2.9566902571957576,-0.48546217165786265,-1.7542306042723093
34,-0.6180800743290187,-1.7542306042723093,7.889967441558838,5.0,0.8878264222452055,-2.9566902571957576,-0.6180800743290187,-1.7542306042723093
35,-0.3718507149759471,-1.7542306042723093,8.212883949279785,5.0,1.63261308626406,-2.9566902571957576,-0.3718507149759471,-1.7542306042723093
36,-0.507225156804969,-1.7542306042723093,8.534683227539062,5.0,1.1662264990132,-2.9566902571957576,-0.507225156804969,-1.7542306042723093
37,-0.06571374868530162,-1.7542306042723093,8.864535093307495,5.0,1.7879873487654672,-2.9566902571957576,-0.06571374868530162,-1.7542306042723093
38,-0.17488269482218963,-1.7542306042723093,9.212648630142212,5.0,2.04419326536025,-2.9566902571957576,-0.17488269482218963,-1.7542306042723093
39,-0.47747197328100843,-1.7542306042723093,9.551480531692505,5.0,1.452977621584681,-2.9566902571957576,-0.47747197328100843,-1.7542306042723093
40,-0.9192952895351002,-1.7542306042723093,9.88535761833191,5.0,0.764327637835044,-2.9566902571957576,-0.9192952895351002,-1.7542306042723093
41,-0.39360660594699776,-1.7542306042723093,10.241115093231201,5.0,1.5384954818460832,-2.9566902571957576,-0.39360660594699776,-1.7542306042723093
42,-1.347183133555319,-1.7542306042723093,10.586793184280396,5.0,0.6596780438469745,-2.9566902571957576,-1.347183133555319,-1.7542306042723093
43,-0.4784335187478093,-1.7542306042723093,10.96424651145935,5.0,2.0333486591648815,-2.9566902571957576,-0.4784335187478093,-1.7542306042723093
44,-0.640777751806778,-1.7542306042723093,11.31386423110962,5.0,1.2285139555933506,-2.9566902571957576,-0.640777751806778,-1.7542306042723093
45,-0.2166671848628679,-1.7542306042723093,11.685182094573975,5.0,1.744587702051977,-2.9566902571957576,-0.2166671848628679,-1.7542306042723093
46,-0.2812013671456929,-1.7542306042723093,12.044050931930542,5.0,2.344070926215097,-2.9566902571957576,-0.2812013671456929,-1.7542306042723093
47,-1.4129270298890144,-1.7542306042723093,12.423224925994873,5.0,0.6724377745890842,-2.9566902571957576,-1.4129270298890144,-1.7542306042723093
48,-0.7652863326904761,-1.7542306042723093,12.781987190246582,5.0,1.44959094424176,-2.9566902571957576,-0.7652863326904761,-1.7542306042723093
49,-0.24992598412956207,-1.7542306042723093,13.183952569961548,5.0,2.681835381367221,-2.9566902571957576,-0.24992598412956207,-1.7542306042723093
50,-1.2257056252638043,-1.7542306042723093,13.552173852920532,5.0,1.1542180358000693,-2.9566902571957576,-1.2257056252638043,-1.7542306042723093
0,-0.7145458724954167,-0.7145458724954167,0.045156240463256836,10.0,,,-0.7145458724954167,-0.7145458724954167
1,-0.8061819545198634,-0.8061819545198634,0.2433788776397705,5.0,1.8556235716147402,-2.6618055261346036,-0.8061819545198634,-0.8061819545198634
2,-0.5143907000294567,-0.8061819545198634,0.4220905303955078,5.0,2.1618817113205804,-2.676272411350037,-0.5143907000294567,-0.8061819545198634
3,-0.16570075741456997,-0.8061819545198634,0.6011898517608643,5.0,2.4519840067375585,-2.676272411350037,-0.16570075741456997,-0.8061819545198634
4,-1.3428741651719116,-1.3428741651719116,0.7932376861572266,5.0,1.0414079424040497,-2.676272411350037,-1.3428741651719116,-1.3428741651719116
5,-0.34780942362330536,-1.3428741651719116,0.993065595626831,5.0,1.3942108032524008,-2.676272411350037,-0.34780942362330536,-1.3428741651719116
6,-0.22291578497360023,-1.3428741651719116,1.1863398551940918,5.0,2.066600400113874,-2.676272411350037,-0.22291578497360023,-1.3428741651719116
7,-0.37634614827831897,-1.3428741651719116,1.378462553024292,5.0,1.248383890877079,-2.676272411350037,-0.37634614827831897,-1.3428741651719116
8,-0.9862137741826522,-1.3428741651719116,1.5824000835418701,5.0,1.117420778410786,-2.676272411350037,-0.9862137741826522,-1.3428741651719116
9,-0.5509804516411749,-1.3428741651719116,1.7849018573760986,5.0,0.8232570713827765,-2.676272411350037,-0.5509804516411749,-1.3428741651719116
10,-0.13115743611805164,-1.3428741651719116,1.9834139347076416,5.0,2.130549182159439,-2.676272411350037,-0.13115743611805164,-1.3428741651719116
11,-0.5612936651068985,-1.3428741651719116,2.1851747035980225,5.0,1.413723188635071,-2.676272411350037,-0.5612936651068985,-1.3428741651719116
12,-1.4097712183036408,-1.4097712183036408,2.4066460132598877,5.0,0.8174892158553086,-2.676272411350037,-1.4097712183036408,-1.4097712183036408
13,-0.4693830696317552,-1.4097712183036408,2.632988929748535,5.0,0.8188765557652333,-2.676272411350037,-0.4693830696317552,-1.4097712183036408
14,-1.89797655493778,-1.89797655493778,2.848093271255493,5.0,0.3128863876064947,-2.676272411350037,-1.89797655493778,-1.89797655493778
15,-0.8844858034150714,-1.89797655493778,3.071688413619995,5.0,0.7091137771805903,-2.676272411350037,-0.8844858034150714,-1.89797655493778
16,-1.9671196302192355,-1.9671196302192355,3.2966229915618896,5.0,0.3501130660550926,-2.676272411350037,-1.9671196302192355,-1.9671196302192355
17,-0.8452528429614603,-1.9671196302192355,3.5297060012817383,5.0,0.8879781245334182,-2.676272411350037,-0.8452528429614603,-1.9671196302192355
18,-0.35608871916564605,-1.9671196302192355,3.767204761505127,5.0,0.9056974768405672,-2.676272411350037,-0.35608871916564605,-1.9671196302192355
19,-0.16603478118474893,-1.9671196302192355,4.008204936981201,5.0,1.4818774628880458,-2.676272411350037,-0.16603478118474893,-1.9671196302192355
20,-2.0272358781708237,-2.0272358781708237,4.262941598892212,5.0,0.0,-2.676272411350037,-2.0272358781708237,-2.0272358781708237
21,-1.252376334422871,-2.0272358781708237,4.52784538269043,5.0,0.4944769802990583,-2.676272411350037,-1.252376334422871,-2.0272358781708237
22,-0.4111478554660502,-2.0272358781708237,4.800960540771484,5.0,1.5355424200740984,-2.676272411350037,-0.4111478554660502,-2.0272358781708237
23,-0.9055906691936718,-2.0272358781708237,5.080819606781006,5.0,0.72137390039651,-2.676272411350037,-0.9055906691936718,-2.0272358781708237
24,-0.4394723229047321,-2.0272358781708237,5.367872476577759,5.0,0.8372733347660877,-2.676272411350037,-0.4394723229047321,-2.0272358781708237
25,-0.5728225633169034,-2.0272358781708237,5.663591384887695,5.0,1.5553432815154267,-2.676272411350037,-0.5728225633169034,-2.0272358781708237
26,-1.0190223911964509,-2.0272358781708237,5.965757369995117,5.0,1.1075957691610872,-2.676272411350037,-1.0190223911964509,-2.0272358781708237
27,-0.6298558402081804,-2.0272358781708237,6.275845289230347,5.0,0.8493733856862213,-2.676272411350037,-0.6298558402081804,-2.0272358781708237
28,-0.52690073760002,-2.0272358781708237,6.574609756469727,5.0,1.1444992508961591,-2.676272411350037,-0.52690073760002,-2.0272358781708237
29,-0.25356492307432293,-2.0272358781708237,6.874673843383789,5.0,1.6092605770568764,-2.676272411350037,-0.25356492307432293,-2.0272358781708237
30,-0.7966635057036517,-2.0272358781708237,7.180944442749023,5.0,1.7105160273702864,-2.676272411350037,-0.7966635057036517,-2.0272358781708237
31,-0.19232099678514628,-2.0272358781708237,7.492769241333008,5.0,1.4785483034664306,-2.676272411350037,-0.19232099678514628,-2.0272358781708237
32,-0.5444670391281702,-2.0272358781708237,7.8089964389801025,5.0,2.068110338861104,-2.676272411350037,-0.5444670391281702,-2.0272358781708237
33,-0.508819008435995,-2.0272358781708237,8.129412412643433,5.0,1.1500833354392999,-2.676272411350037,-0.508819008435995,-2.0272358781708237
34,-0.2866906599454629,-2.0272358781708237,8.445547580718994,5.0,1.5237705652799156,-2.676272411350037,-0.2866906599454629,-2.0272358781708237
35,-0.5736730974139423,-2.0272358781708237,8.773076057434082,5.0,1.8318906477756147,-2.676272411350037,-0.5736730974139423,-2.0272358781708237
36,-1.8107802786772011,-2.0272358781708237,9.105719566345215,5.0,0.4333614018762457,-2.676272411350037,-1.8107802786772011,-2.0272358781708237
37,-0.18667936443413552,-2.0272358781708237,9.44688892364502,5.0,1.4329624012787292,-2.676272411350037,-0.18667936443413552,-2.0272358781708237
38,-1.0780886687090683,-2.0272358781708237,9.786030054092407,5.0,0.6352194140418757,-2.676272411350037,-1.0780886687090683,-2.0272358781708237
39,-0.7790578959368711,-2.0272358781708237,10.126879930496216,5.0,1.5475112723285909,-2.676272411350037,-0.7790578959368711,-2.0272358781708237
40,-0.8696925112645767,-2.0272358781708237,10.472129583358765,5.0,2.025953797029595,-2.8956463082941717,-0.8696925112645767,-2.0272358781708237
41,-0.246572894975846,-2.0272358781708237,10.823772192001343,5.0,1.0251159358456379,-2.8956463082941717,-0.246572894975846,-2.0272358781708237
42,-0.398653195373384,-2.0272358781708237,11.179072856903076,5.0,1.500141701735332,-2.8956463082941717,-0.398653195373384,-2.0272358781708237
43,-0.3029547780763779,-2.0272358781708237,11.602272510528564,5.0,1.7358594972796249,-2.8956463082941717,-0.3029547780763779,-2.0272358781708237
44,-0.3852142318678508,-2.0272358781708237,11.96112322807312,5.0,1.569588870441141,-2.8956463082941717,-0.3852142318678508,-2.0272358781708237
45,-0.5910132417599855,-2.0272358781708237,12.324175834655762,5.0,1.703106327787486,-2.8956463082941717,-0.5910132417599855,-2.0272358781708237
46,-0.25376031533892773,-2.0272358781708237,12.694758653640747,5.0,1.8608218645355459,-2.8956463082941717,-0.25376031533892773,-2.0272358781708237
47,-0.24533439097639134,-2.0272358781708237,13.06781554222107,5.0,2.0920033932931044,-2.8956463082941717,-0.24533439097639134,-2.0272358781708237
48,-1.077188519665034,-2.0272358781708237,13.435208320617676,5.0,0.39229312750104195,-2.8956463082941717,-1.077188519665034,-2.0272358781708237
49,-0.35496726017223035,-2.0272358781708237,13.828198194503784,5.0,1.5782518405630754,-2.8956463082941717,-0.35496726017223035,-2.0272358781708237
50,-1.2641057158078182,-2.0272358781708237,14.245356559753418,5.0,1.1836157460796701,-2.8956463082941717,-1.2641057158078182,-2.0272358781708237
51,-0.5981519416348103,-2.0272358781708237,14.661033391952515,5.0,0.8664432065562838,-2.8956463082941717,-0.5981519416348103,-2.0272358781708237
52,-0.4919730147526476,-2.0272358781708237,15.096457481384277,5.0,2.3060351616599246,-2.8956463082941717,-0.4919730147526476,-2.0272358781708237
53,-1.2445893100847851,-2.0272358781708237,15.498939990997314,5.0,0.5190016005401301,-2.8956463082941717,-1.2445893100847851,-2.0272358781708237
54,-0.5500709679187703,-2.0272358781708237,15.900425434112549,5.0,1.244649317056164,-2.8956463082941717,-0.5500709679187703,-2.0272358781708237
55,-0.6281706795971141,-2.0272358781708237,16.30709671974182,5.0,1.8484963753716785,-2.8956463082941717,-0.6281706795971141,-2.0272358781708237
56,-0.46670200450207405,-2.0272358781708237,16.711578130722046,5.0,0.791394040031723,-2.8956463082941717,-0.46670200450207405,-2.0272358781708237
57,-0.7991591543847312,-2.0272358781708237,17.12271809577942,5.0,1.3205835294173913,-2.8956463082941717,-0.7991591543847312,-2.0272358781708237
58,-0.6723408567837834,-2.0272358781708237,17.536195516586304,5.0,1.0616943226621791,-2.8956463082941717,-0.6723408567837834,-2.0272358781708237
59,-1.7647717841584583,-2.0272358781708237,17.961475372314453,5.0,0.0,-2.8956463082941717,-1.7647717841584583,-2.0272358781708237
60,-0.4084866765343299,-2.0272358781708237,18.39166021347046,5.0,1.3367197839205702,-2.8956463082941717,-0.4084866765343299,-2.0272358781708237
61,-0.277488260016002,-2.0272358781708237,18.830787181854248,5.0,2.0467669543351743,-2.8956463082941717,-0.277488260016002,-2.0272358781708237
62,-2.2017054616050817,-2.2017054616050817,19.267552852630615,5.0,0.0,-2.8956463082941717,-2.2017054616050817,-2.2017054616050817
63,-0.3636403994342856,-2.2017054616050817,19.714112758636475,5.0,1.8349795989754891,-2.8956463082941717,-0.3636403994342856,-2.2017054616050817
64,-0.3469223776781805,-2.2017054616050817,20.1686851978302,5.0,1.8533556870412777,-2.8956463082941717,-0.3469223776781805,-2.2017054616050817
65,-1.803944934244024,-2.2017054616050817,20.634501457214355,5.0,0.123404198821228,-2.8956463082941717,-1.803944934244024,-2.2017054616050817
66,-0.18419842972679554,-2.2017054616050817,21.1007182598114,5.0,1.462519000180471,-2.8956463082941717,-0.18419842972679554,-2.2017054616050817
67,-0.36705690025164023,-2.2017054616050817,21.580928087234497,5.0,2.203561722617632,-2.8956463082941717,-0.36705690025164023,-2.2017054616050817
68,-0.8044540658147026,-2.2017054616050817,22.073930025100708,5.0,0.8154637697279288,-2.8956463082941717,-0.8044540658147026,-2.2017054616050817
69,-0.11555153015561612,-2.2017054616050817,22.570623636245728,5.0,1.7207953954477673,-2.8956463082941717,-0.11555153015561612,-2.2017054616050817
70,-0.3217165285070333,-2.2017054616050817,23.067138671875,5.0,1.4331849841299196,-2.8956463082941717,-0.3217165285070333,-2.2017054616050817
71,-1.0235376543727153,-2.2017054616050817,23.583411693572998,5.0,0.5592486559504104,-2.8956463082941717,-1.0235376543727153,-2.2017054616050817
72,-0.6822562825934448,-2.2017054616050817,24.12245512008667,5.0,1.5547642246312936,-2.8956463082941717,-0.6822562825934448,-2.2017054616050817
73,-0.37535534711212293,-2.2017054616050817,24.652697563171387,5.0,2.290617376537375,-2.8956463082941717,-0.37535534711212293,-2.2017054616050817
74,-0.4177745489812618,-2.2017054616050817,25.190672874450684,5.0,1.4551413369733381,-2.8956463082941717,-0.4177745489812618,-2.2017054616050817
75,-0.5896273028178972,-2.2017054616050817,25.735644340515137,5.0,1.4557335939662503,-2.8956463082941717,-0.5896273028178972,-2.2017054616050817
76,-0.5038348569186286,-2.2017054616050817,26.293821096420288,5.0,0.9800658910057745,-2.8956463082941717,-0.5038348569186286,-2.2017054616050817
77,-0.34902427644408984,-2.2017054616050817,26.86485981941223,5.0,1.4288523084731275,-2.8956463082941717,-0.34902427644408984,-2.2017054616050817
78,-0.37442015381864097,-2.2017054616050817,27.43865156173706,5.0,2.1882499536825617,-2.8956463082941717,-0.37442015381864097,-2.2017054616050817
79,-0.19695156528121432,-2.2017054616050817,28.033674716949463,5.0,1.8256434743333572,-2.8956463082941717,-0.19695156528121432,-2.2017054616050817
80,-0.25017692154406124,-2.2017054616050817,28.630732536315918,5.0,2.0291520332417696,-2.8956463082941717,-0.25017692154406124,-2.2017054616050817
81,-0.13806526566306526,-2.2017054616050817,29.24310612678528,5.0,1.6205943707573764,-2.8956463082941717,-0.13806526566306526,-2.2017054616050817
82,-0.0755285288157783,-2.2017054616050817,29.899506330490112,5.0,2.3085428313148033,-2.8956463082941717,-0.0755285288157783,-2.2017054616050817
83,-0.9257900642019185,-2.2017054616050817,30.53294348716736,5.0,1.5703550150518186,-2.8956463082941717,-0.9257900642019185,-2.2017054616050817
84,-0.9928221457391495,-2.2017054616050817,31.21042013168335,5.0,2.0655204032892516,-3.058342549028401,-0.9928221457391495,-2.2017054616050817
85,-1.8665212460213019,-2.2017054616050817,31.902098655700684,5.0,0.0,-3.058342549028401,-1.8665212460213019,-2.2017054616050817
86,-0.7031581645244254,-2.2017054616050817,32.62379860877991,5.0,0.7669435039125503,-3.058342549028401,-0.7031581645244254,-2.2017054616050817
87,-0.7115761699605277,-2.2017054616050817,33.35859489440918,5.0,1.4722363909653087,-3.058342549028401,-0.7115761699605277,-2.2017054616050817
88,-0.2202222104925063,-2.2017054616050817,34.08394002914429,5.0,1.946248441306528,-3.058342549028401,-0.2202222104925063,-2.2017054616050817
89,-0.40555471222419975,-2.2017054616050817,34.93059253692627,5.0,1.9014090204282443,-3.058342549028401,-0.40555471222419975,-2.2017054616050817
90,-0.169826084683624,-2.2017054616050817,35.725048542022705,5.0,2.134113236713219,-3.058342549028401,-0.169826084683624,-2.2017054616050817
91,-0.24671977875518059,-2.2017054616050817,36.5752809047699,5.0,1.7466059105907608,-3.058342549028401,-0.24671977875518059,-2.2017054616050817
92,-1.104764196768574,-2.2017054616050817,37.37792110443115,5.0,0.7967932783306646,-3.058342549028401,-1.104764196768574,-2.2017054616050817
93,-0.7801588283438448,-2.2017054616050817,38.265825033187866,5.0,0.2631833496689777,-3.058342549028401,-0.7801588283438448,-2.2017054616050817
94,-2.2843700644736775,-2.2843700644736775,39.15816855430603,5.0,0.038133111699973465,-3.058342549028401,-2.2843700644736775,-2.2843700644736775
95,-1.291252914395712,-2.2843700644736775,39.97117233276367,5.0,0.9932489834488138,-3.058342549028401,-1.291252914395712,-2.2843700644736775
96,-1.4196400627984935,-2.2843700644736775,40.99894976615906,5.0,1.2845266686635786,-3.058342549028401,-1.4196400627984935,-2.2843700644736775
97,-0.625393101880278,-2.2843700644736775,42.08271527290344,5.0,1.3364441760282433,-3.058342549028401,-0.625393101880278,-2.2843700644736775
98,-1.5256284232721717,-2.2843700644736775,42.99633240699768,5.0,0.265372597349826,-3.058342549028401,-1.5256284232721717,-2.2843700644736775
99,-0.5120825011365013,-2.2843700644736775,43.935840368270874,5.0,1.2282471441727696,-3.058342549028401,-0.5120825011365013,-2.2843700644736775
100,-0.07728217475482654,-2.2843700644736775,44.859270334243774,5.0,1.885687691211963,-3.058342549028401,-0.07728217475482654,-2.2843700644736775
0,-0.48384427002613994,-0.48384427002613994,0.011454582214355469,10.0,-0.48384427002613994,-0.48384427002613994
1,-1.5181091918533234,-1.5181091918533234,0.09481620788574219,5.0,-1.5181091918533234,-1.5181091918533234
2,-0.6161462439418095,-1.5181091918533234,0.18112468719482422,5.0,-0.6161462439418095,-1.5181091918533234
3,-0.21311283196841926,-1.5181091918533234,0.2655155658721924,5.0,-0.21311283196841926,-1.5181091918533234
4,-1.4413994418154987,-1.5181091918533234,0.3532421588897705,5.0,-1.4413994418154987,-1.5181091918533234
5,-0.3196963248431577,-1.5181091918533234,0.4405205249786377,5.0,-0.3196963248431577,-1.5181091918533234
6,-0.17288126907440873,-1.5181091918533234,0.5243525505065918,5.0,-0.17288126907440873,-1.5181091918533234
7,-0.1568793780307844,-1.5181091918533234,0.6085231304168701,5.0,-0.1568793780307844,-1.5181091918533234
8,-0.2316786880138659,-1.5181091918533234,0.6915366649627686,5.0,-0.2316786880138659,-1.5181091918533234
9,-0.9071718592575936,-1.5181091918533234,0.77435302734375,5.0,-0.9071718592575936,-1.5181091918533234
10,-0.47223914835740827,-1.5181091918533234,0.8593008518218994,5.0,-0.47223914835740827,-1.5181091918533234
11,-0.5053349159708094,-1.5181091918533234,0.9428937435150146,5.0,-0.5053349159708094,-1.5181091918533234
12,-0.04263368504438734,-1.5181091918533234,1.0267970561981201,5.0,-0.04263368504438734,-1.5181091918533234
13,-0.3021710902311399,-1.5181091918533234,1.1118402481079102,5.0,-0.3021710902311399,-1.5181091918533234
14,-0.790648180174365,-1.5181091918533234,1.1947011947631836,5.0,-0.790648180174365,-1.5181091918533234
15,-0.661561535108955,-1.5181091918533234,1.277569055557251,5.0,-0.661561535108955,-1.5181091918533234
16,-1.281865444192026,-1.5181091918533234,1.362494707107544,5.0,-1.281865444192026,-1.5181091918533234
17,-0.6046363544429499,-1.5181091918533234,1.4456491470336914,5.0,-0.6046363544429499,-1.5181091918533234
18,-0.6303914316560848,-1.5181091918533234,1.5290615558624268,5.0,-0.6303914316560848,-1.5181091918533234
19,-0.7515517953596987,-1.5181091918533234,1.615616798400879,5.0,-0.7515517953596987,-1.5181091918533234
20,-0.5875985820259502,-1.5181091918533234,1.6988270282745361,5.0,-0.5875985820259502,-1.5181091918533234
21,-0.03344413454635247,-1.5181091918533234,1.7814857959747314,5.0,-0.03344413454635247,-1.5181091918533234
22,-0.3453283825893384,-1.5181091918533234,1.8661551475524902,5.0,-0.3453283825893384,-1.5181091918533234
23,-0.5059333456124007,-1.5181091918533234,1.9492993354797363,5.0,-0.5059333456124007,-1.5181091918533234
24,-0.7033556004920083,-1.5181091918533234,2.032231569290161,5.0,-0.7033556004920083,-1.5181091918533234
25,-0.3639902276579631,-1.5181091918533234,2.1175808906555176,5.0,-0.3639902276579631,-1.5181091918533234
26,-1.255148478881443,-1.5181091918533234,2.203460693359375,5.0,-1.255148478881443,-1.5181091918533234
27,-0.5601804268750744,-1.5181091918533234,2.287369966506958,5.0,-0.5601804268750744,-1.5181091918533234
28,-0.5485213995577108,-1.5181091918533234,2.3731894493103027,5.0,-0.5485213995577108,-1.5181091918533234
29,-0.3677327213129959,-1.5181091918533234,2.4574713706970215,5.0,-0.3677327213129959,-1.5181091918533234
30,-0.598745025785701,-1.5181091918533234,2.5393266677856445,5.0,-0.598745025785701,-1.5181091918533234
31,-0.43172816800774083,-1.5181091918533234,2.624056816101074,5.0,-0.43172816800774083,-1.5181091918533234
32,-0.46592417408865794,-1.5181091918533234,2.706317186355591,5.0,-0.46592417408865794,-1.5181091918533234
33,-0.4946405799987496,-1.5181091918533234,2.7888119220733643,5.0,-0.4946405799987496,-1.5181091918533234
34,-0.9172229205931518,-1.5181091918533234,2.8730416297912598,5.0,-0.9172229205931518,-1.5181091918533234
35,-1.086266919326191,-1.5181091918533234,2.956758499145508,5.0,-1.086266919326191,-1.5181091918533234
36,-1.186234102146448,-1.5181091918533234,3.0394818782806396,5.0,-1.186234102146448,-1.5181091918533234
37,-0.46360401382209543,-1.5181091918533234,3.1250147819519043,5.0,-0.46360401382209543,-1.5181091918533234
38,-1.059529909535719,-1.5181091918533234,3.207822799682617,5.0,-1.059529909535719,-1.5181091918533234
39,-0.20594986710325763,-1.5181091918533234,3.2905304431915283,5.0,-0.20594986710325763,-1.5181091918533234
40,-0.41153538234139475,-1.5181091918533234,3.3752243518829346,5.0,-0.41153538234139475,-1.5181091918533234
41,-0.3710791898761753,-1.5181091918533234,3.4582266807556152,5.0,-0.3710791898761753,-1.5181091918533234
42,-1.2400662883384785,-1.5181091918533234,3.539900302886963,5.0,-1.2400662883384785,-1.5181091918533234
43,-0.8182254917754047,-1.5181091918533234,3.624652624130249,5.0,-0.8182254917754047,-1.5181091918533234
44,-0.5212091657112403,-1.5181091918533234,3.7078845500946045,5.0,-0.5212091657112403,-1.5181091918533234
45,-0.35629677913046925,-1.5181091918533234,3.7909445762634277,5.0,-0.35629677913046925,-1.5181091918533234
46,-0.15144797745040603,-1.5181091918533234,3.8759925365448,5.0,-0.15144797745040603,-1.5181091918533234
47,-0.5305582199034578,-1.5181091918533234,3.9613027572631836,5.0,-0.5305582199034578,-1.5181091918533234
48,-0.2775484542825184,-1.5181091918533234,4.084274768829346,5.0,-0.2775484542825184,-1.5181091918533234
49,-0.41570068996598497,-1.5181091918533234,4.1686928272247314,5.0,-0.41570068996598497,-1.5181091918533234
50,-0.23073553319801304,-1.5181091918533234,4.25109076499939,5.0,-0.23073553319801304,-1.5181091918533234
51,-0.23820014789883093,-1.5181091918533234,4.334673643112183,5.0,-0.23820014789883093,-1.5181091918533234
52,-0.36421283391786363,-1.5181091918533234,4.416768312454224,5.0,-0.36421283391786363,-1.5181091918533234
53,-0.07104259645232852,-1.5181091918533234,4.499079942703247,5.0,-0.07104259645232852,-1.5181091918533234
54,-0.7049964518783453,-1.5181091918533234,4.583347797393799,5.0,-0.7049964518783453,-1.5181091918533234
55,-0.6360069673090426,-1.5181091918533234,4.665692090988159,5.0,-0.6360069673090426,-1.5181091918533234
56,-0.7534107269066538,-1.5181091918533234,4.747938871383667,5.0,-0.7534107269066538,-1.5181091918533234
57,-0.7870535000439576,-1.5181091918533234,4.832116365432739,5.0,-0.7870535000439576,-1.5181091918533234
58,-0.44661255048982307,-1.5181091918533234,4.915176630020142,5.0,-0.44661255048982307,-1.5181091918533234
59,-0.9468093224613882,-1.5181091918533234,4.997527122497559,5.0,-0.9468093224613882,-1.5181091918533234
60,-0.5079125292747858,-1.5181091918533234,5.082549095153809,5.0,-0.5079125292747858,-1.5181091918533234
61,-0.11414336388279966,-1.5181091918533234,5.16588020324707,5.0,-0.11414336388279966,-1.5181091918533234
62,-0.18784641914791658,-1.5181091918533234,5.249605178833008,5.0,-0.18784641914791658,-1.5181091918533234
63,-1.0875666773953137,-1.5181091918533234,5.335053443908691,5.0,-1.0875666773953137,-1.5181091918533234
64,-0.5599067041625246,-1.5181091918533234,5.4192023277282715,5.0,-0.5599067041625246,-1.5181091918533234
65,-0.06236194421275816,-1.5181091918533234,5.50269627571106,5.0,-0.06236194421275816,-1.5181091918533234
66,-0.9733126616939974,-1.5181091918533234,5.58830451965332,5.0,-0.9733126616939974,-1.5181091918533234
67,-0.3014116411733304,-1.5181091918533234,5.671825647354126,5.0,-0.3014116411733304,-1.5181091918533234
68,-1.4229371892137885,-1.5181091918533234,5.755033254623413,5.0,-1.4229371892137885,-1.5181091918533234
69,-0.2928722871650191,-1.5181091918533234,5.8397698402404785,5.0,-0.2928722871650191,-1.5181091918533234
70,-0.4288232923131706,-1.5181091918533234,5.923181056976318,5.0,-0.4288232923131706,-1.5181091918533234
71,-1.2697166680552803,-1.5181091918533234,6.007758617401123,5.0,-1.2697166680552803,-1.5181091918533234
72,-0.9341661807589419,-1.5181091918533234,6.093302249908447,5.0,-0.9341661807589419,-1.5181091918533234
73,-0.2518738972591997,-1.5181091918533234,6.176556348800659,5.0,-0.2518738972591997,-1.5181091918533234
74,-0.614490104486165,-1.5181091918533234,6.261169910430908,5.0,-0.614490104486165,-1.5181091918533234
75,-2.645564819448371,-2.645564819448371,6.346991062164307,5.0,-2.645564819448371,-2.645564819448371
76,-0.6018133936692923,-2.645564819448371,6.430764198303223,5.0,-0.6018133936692923,-2.645564819448371
77,-0.13384287181602514,-2.645564819448371,6.515463590621948,5.0,-0.13384287181602514,-2.645564819448371
78,-1.090681115094211,-2.645564819448371,6.62917685508728,5.0,-1.090681115094211,-2.645564819448371
79,-0.5305355404355518,-2.645564819448371,6.712824106216431,5.0,-0.5305355404355518,-2.645564819448371
80,-1.971663308635017,-2.645564819448371,6.796350955963135,5.0,-1.971663308635017,-2.645564819448371
81,-0.8986196383938808,-2.645564819448371,6.8820319175720215,5.0,-0.8986196383938808,-2.645564819448371
82,-0.5917705775518224,-2.645564819448371,6.965667009353638,5.0,-0.5917705775518224,-2.645564819448371
83,-0.33613453316118025,-2.645564819448371,7.051080942153931,5.0,-0.33613453316118025,-2.645564819448371
84,-0.3599391238668784,-2.645564819448371,7.137226581573486,5.0,-0.3599391238668784,-2.645564819448371
85,-0.35202834788081044,-2.645564819448371,7.222200393676758,5.0,-0.35202834788081044,-2.645564819448371
86,-1.1375821608422454,-2.645564819448371,7.305791854858398,5.0,-1.1375821608422454,-2.645564819448371
87,-0.40816286275333885,-2.645564819448371,7.390717506408691,5.0,-0.40816286275333885,-2.645564819448371
88,-0.38768364811438794,-2.645564819448371,7.473366022109985,5.0,-0.38768364811438794,-2.645564819448371
89,-1.0719126322855006,-2.645564819448371,7.55636191368103,5.0,-1.0719126322855006,-2.645564819448371
90,-0.3857589611219162,-2.645564819448371,7.641432762145996,5.0,-0.3857589611219162,-2.645564819448371
91,-1.4877516459449065,-2.645564819448371,7.724467992782593,5.0,-1.4877516459449065,-2.645564819448371
92,-0.4576283103862043,-2.645564819448371,7.807527303695679,5.0,-0.4576283103862043,-2.645564819448371
93,-1.1630856386189632,-2.645564819448371,7.89169716835022,5.0,-1.1630856386189632,-2.645564819448371
94,-1.0830315848569838,-2.645564819448371,7.974788188934326,5.0,-1.0830315848569838,-2.645564819448371
95,-1.2221633139310613,-2.645564819448371,8.058098316192627,5.0,-1.2221633139310613,-2.645564819448371
96,-0.3638204030152351,-2.645564819448371,8.142899513244629,5.0,-0.3638204030152351,-2.645564819448371
97,-0.2860280193740076,-2.645564819448371,8.226106643676758,5.0,-0.2860280193740076,-2.645564819448371
98,-0.4959367575032414,-2.645564819448371,8.309708833694458,5.0,-0.4959367575032414,-2.645564819448371
99,-0.8814000817712787,-2.645564819448371,8.393924713134766,5.0,-0.8814000817712787,-2.645564819448371
100,-1.4410355961859092,-2.645564819448371,8.477088212966919,5.0,-1.4410355961859092,-2.645564819448371
